total_lc,new_lc,total_factors,total_values,new_factors,new_graph_factors,trajectory_len,run_time,optimize_time,mesh_update_time,num_merges_undone
0,0,26,8,26,26,0,nan,nan,nan0
0,0,26,8,0,0,0,0.00109837,nan,nan0
0,0,26,8,0,0,0,0.000688503,nan,nan0
0,0,26,8,0,0,0,0.000862619,nan,nan0
0,0,26,8,0,0,0,0.000489697,nan,nan0
0,0,26,8,0,0,0,0.00063406,nan,nan0
0,0,26,8,0,0,0,0.000388616,nan,nan0
0,0,26,8,0,0,0,0.000315987,nan,nan0
0,0,26,8,0,0,0,0.000650169,nan,nan0
0,0,26,8,0,0,0,0.000334434,nan,nan0
0,0,26,8,0,0,0,0.000502865,nan,nan0
0,0,26,8,0,0,0,0.000771112,nan,nan0
0,0,26,8,0,0,0,0.000386288,nan,nan0
0,0,26,8,0,0,0,0.000450949,nan,nan0
0,0,26,8,0,0,0,0.000494249,nan,nan0
0,0,26,8,0,0,0,0.000451033,nan,nan0
0,0,26,8,0,0,0,0.000443136,nan,nan0
0,0,26,8,0,0,0,0.000441824,nan,nan0
0,0,26,8,0,0,0,0.000899318,nan,nan0
0,0,26,8,0,0,0,0.000806402,nan,nan0
0,0,26,8,0,0,0,0.000509553,nan,nan0
0,0,26,8,0,0,0,0.000495466,nan,nan0
0,0,26,8,0,0,0,0.000606645,nan,nan0
0,0,26,8,0,0,0,0.000620169,nan,nan0
0,0,26,8,0,0,0,0.000616713,nan,nan0
0,0,26,8,0,0,0,0.00088774,nan,nan0
0,0,26,8,0,0,0,0.000878217,nan,nan0
0,0,26,8,0,0,0,0.00113118,nan,nan0
0,0,26,8,0,0,0,0.000373934,nan,nan0
0,0,26,8,0,0,0,0.0011537,nan,nan0
0,0,26,8,0,0,0,0.000499658,nan,nan0
0,0,26,8,0,0,0,0.000874795,nan,nan0
0,0,26,8,0,0,0,0.00091257,nan,nan0
0,0,26,8,0,0,0,0.00102798,nan,nan0
0,0,26,8,0,0,0,0.00120378,nan,nan0
0,0,26,8,0,0,0,0.00093036,nan,nan0
0,0,26,8,0,0,0,0.000614936,nan,nan0
0,0,26,8,0,0,0,0.00101864,nan,nan0
0,0,26,8,0,0,0,0.00113655,nan,nan0
0,0,26,8,0,0,0,0.000433682,nan,nan0
0,0,26,8,0,0,0,0.000374895,nan,nan0
0,0,26,8,0,0,0,0.000520295,nan,nan0
0,0,26,8,0,0,0,0.000617991,nan,nan0
0,0,26,8,0,0,0,0.000615251,nan,nan0
0,0,26,8,0,0,0,0.000604069,nan,nan0
0,0,26,8,0,0,0,0.00136454,nan,nan0
0,0,26,8,0,0,0,0.00056056,nan,nan0
0,0,26,8,0,0,0,0.00141437,nan,nan0
0,0,26,8,0,0,0,0.000781774,nan,nan0
0,0,60,10,1,0,2,0.00036629,nan,nan0
0,0,60,10,0,0,2,0.000487703,nan,nan0
0,0,60,10,0,0,2,0.000376389,nan,nan0
0,0,60,10,0,0,2,0.000690499,nan,nan0
0,0,60,10,0,0,2,0.000445045,nan,nan0
0,0,77,11,1,0,3,0.00042228,nan,nan0
0,0,77,11,0,0,3,0.000572253,nan,nan0
0,0,77,11,0,0,3,0.00112616,nan,nan0
0,0,77,11,0,0,3,0.000469445,nan,nan0
0,0,77,11,0,0,3,0.000823469,nan,nan0
0,0,77,11,0,0,3,0.00122155,nan,nan0
0,0,77,11,0,0,3,0.000660095,nan,nan0
0,0,77,11,0,0,3,0.000463095,nan,nan0
0,0,77,11,0,0,3,0.000718245,nan,nan0
0,0,77,11,0,0,3,0.000369341,nan,nan0
0,0,77,11,0,0,3,0.000319248,nan,nan0
0,0,77,11,0,0,3,0.000942399,nan,nan0
0,0,77,11,0,0,3,0.000955289,nan,nan0
0,0,77,11,0,0,3,0.00121669,nan,nan0
0,0,77,11,0,0,3,0.000553588,nan,nan0
0,0,77,11,0,0,3,0.00053029,nan,nan0
0,0,77,11,0,0,3,0.00103047,nan,nan0
0,0,77,11,0,0,3,0.000872067,nan,nan0
0,0,83,12,6,6,3,0.000389161,nan,nan0
0,0,83,12,0,0,3,0.00048887,nan,nan0
0,0,83,12,0,0,3,0.00124113,nan,nan0
0,0,83,12,0,0,3,0.000356024,nan,nan0
0,0,83,12,0,0,3,0.00140505,nan,nan0
0,0,83,12,0,0,3,0.00155209,nan,nan0
0,0,83,12,0,0,3,0.000499147,nan,nan0
0,0,83,12,0,0,3,0.00057818,nan,nan0
0,0,83,12,0,0,3,0.00168584,nan,nan0
0,0,83,12,0,0,3,0.000443651,nan,nan0
0,0,83,12,0,0,3,0.000774326,nan,nan0
0,0,83,12,0,0,3,0.00125165,nan,nan0
0,0,83,12,0,0,3,0.000617592,nan,nan0
0,0,83,12,0,0,3,0.000655214,nan,nan0
0,0,83,12,0,0,3,0.000578658,nan,nan0
0,0,83,12,0,0,3,0.000760862,nan,nan0
0,0,83,12,0,0,3,0.000670475,nan,nan0
0,0,83,12,0,0,3,0.000586276,nan,nan0
0,0,83,12,0,0,3,0.00043274,nan,nan0
0,0,83,12,0,0,3,0.000466584,nan,nan0
0,0,83,12,0,0,3,0.000703867,nan,nan0
0,0,83,12,0,0,3,0.000600736,nan,nan0
0,0,83,12,0,0,3,0.000392273,nan,nan0
0,0,83,12,0,0,3,0.000670489,nan,nan0
0,0,83,12,0,0,3,0.000600777,nan,nan0
0,0,83,12,0,0,3,0.000455563,nan,nan0
0,0,83,12,0,0,3,0.000608608,nan,nan0
0,0,83,12,0,0,3,0.00158496,nan,nan0
0,0,83,12,0,0,3,0.000602706,nan,nan0
0,0,83,12,0,0,3,0.000421857,nan,nan0
0,0,83,12,0,0,3,0.000543038,nan,nan0
0,0,83,12,0,0,3,0.000434607,nan,nan0
0,0,83,12,0,0,3,0.00096776,nan,nan0
0,0,83,12,0,0,3,0.000728672,nan,nan0
0,0,83,12,0,0,3,0.000734983,nan,nan0
0,0,83,12,0,0,3,0.00128601,nan,nan0
0,0,83,12,0,0,3,0.00105513,nan,nan0
0,0,83,12,0,0,3,0.000795493,nan,nan0
0,0,83,12,0,0,3,0.000659972,nan,nan0
0,0,83,12,0,0,3,0.00154288,nan,nan0
0,0,83,12,0,0,3,0.000494267,nan,nan0
0,0,83,12,0,0,3,0.00058958,nan,nan0
0,0,83,12,0,0,3,0.000509595,nan,nan0
0,0,83,12,0,0,3,0.00042638,nan,nan0
0,0,83,12,0,0,3,0.000795753,nan,nan0
0,0,83,12,0,0,3,0.000462561,nan,nan0
0,0,83,12,0,0,3,0.000548792,nan,nan0
0,0,83,12,0,0,3,0.000501765,nan,nan0
0,0,83,12,0,0,3,0.000799845,nan,nan0
0,0,83,12,0,0,3,0.00124093,nan,nan0
0,0,83,12,0,0,3,0.000549671,nan,nan0
0,0,83,12,0,0,3,0.000864122,nan,nan0
0,0,83,12,0,0,3,0.000869757,nan,nan0
0,0,83,12,0,0,3,0.00064853,nan,nan0
0,0,83,12,0,0,3,0.000549433,nan,nan0
0,0,83,12,0,0,3,0.000352597,nan,nan0
0,0,83,12,0,0,3,0.000394272,nan,nan0
0,0,83,12,0,0,3,0.00112868,nan,nan0
0,0,83,12,0,0,3,0.000614416,nan,nan0
0,0,83,12,0,0,3,0.000795085,nan,nan0
0,0,83,12,0,0,3,0.000882493,nan,nan0
0,0,83,12,0,0,3,0.00099664,nan,nan0
0,0,83,12,0,0,3,0.00165183,nan,nan0
0,0,83,12,0,0,3,0.000381203,nan,nan0
0,0,83,12,0,0,3,0.000469026,nan,nan0
0,0,86,13,1,0,4,0.000449514,nan,nan0
0,0,86,13,0,0,4,0.000456753,nan,nan0
0,0,86,13,0,0,4,0.000689504,nan,nan0
0,0,86,13,0,0,4,0.000480936,nan,nan0
0,0,86,13,0,0,4,0.000688866,nan,nan0
0,0,86,13,0,0,4,0.000859039,nan,nan0
0,0,86,13,0,0,4,0.000760097,nan,nan0
0,0,86,13,0,0,4,0.000540131,nan,nan0
0,0,86,13,0,0,4,0.000769468,nan,nan0
0,0,86,13,0,0,4,0.00139329,nan,nan0
0,0,86,13,0,0,4,0.000833119,nan,nan0
0,0,98,15,12,12,4,0.000415523,nan,nan0
0,0,98,15,0,0,4,0.00129596,nan,nan0
0,0,98,15,0,0,4,0.000778775,nan,nan0
0,0,104,16,6,6,4,0.000553988,nan,nan0
0,0,104,16,0,0,4,0.0003773,nan,nan0
0,0,104,16,0,0,4,0.00090194,nan,nan0
0,0,104,16,0,0,4,0.00131262,nan,nan0
0,0,104,16,0,0,4,0.00042032,nan,nan0
0,0,104,16,0,0,4,0.00071572,nan,nan0
0,0,112,18,8,8,4,0.000716121,nan,nan0
0,0,117,19,1,0,5,0.000846153,nan,nan0
0,0,117,19,0,0,5,0.000772974,nan,nan0
0,0,117,19,0,0,5,0.000503715,nan,nan0
0,0,117,19,0,0,5,0.000407341,nan,nan0
0,0,117,19,0,0,5,0.000687563,nan,nan0
0,0,117,19,0,0,5,0.000754967,nan,nan0
0,0,117,19,0,0,5,0.000481703,nan,nan0
0,0,117,19,0,0,5,0.000653405,nan,nan0
0,0,117,19,0,0,5,0.000753118,nan,nan0
0,0,117,19,0,0,5,0.00108158,nan,nan0
0,0,117,19,0,0,5,0.00058739,nan,nan0
0,0,117,19,0,0,5,0.000734979,nan,nan0
0,0,117,19,0,0,5,0.000538626,nan,nan0
0,0,117,19,0,0,5,0.00060816,nan,nan0
0,0,117,19,0,0,5,0.000729318,nan,nan0
0,0,117,19,0,0,5,0.000872648,nan,nan0
0,0,117,19,0,0,5,0.000629347,nan,nan0
0,0,117,19,0,0,5,0.0011695,nan,nan0
0,0,117,19,0,0,5,0.000648648,nan,nan0
0,0,117,19,0,0,5,0.000912944,nan,nan0
0,0,122,20,1,0,6,0.00111785,nan,nan0
0,0,122,20,0,0,6,0.000753407,nan,nan0
0,0,122,20,0,0,6,0.000590478,nan,nan0
0,0,122,20,0,0,6,0.000723053,nan,nan0
0,0,122,20,0,0,6,0.000580568,nan,nan0
0,0,122,20,0,0,6,0.00113447,nan,nan0
0,0,122,20,0,0,6,0.000950683,nan,nan0
0,0,122,20,0,0,6,0.00118757,nan,nan0
0,0,122,20,0,0,6,0.000668148,nan,nan0
0,0,122,20,0,0,6,0.00072276,nan,nan0
0,0,122,20,0,0,6,0.000625978,nan,nan0
0,0,122,20,0,0,6,0.00161751,nan,nan0
0,0,122,20,0,0,6,0.000622332,nan,nan0
0,0,122,20,0,0,6,0.00115002,nan,nan0
0,0,122,20,0,0,6,0.00112673,nan,nan0
0,0,122,20,0,0,6,0.000732817,nan,nan0
0,0,122,20,0,0,6,0.0011038,nan,nan0
0,0,127,21,1,0,7,0.000652837,nan,nan0
0,0,127,21,0,0,7,0.000686684,nan,nan0
0,0,127,21,0,0,7,0.000605331,nan,nan0
0,0,127,21,0,0,7,0.000626629,nan,nan0
0,0,127,21,0,0,7,0.000624642,nan,nan0
0,0,133,23,6,6,7,0.000617318,nan,nan0
0,0,133,23,0,0,7,0.000654441,nan,nan0
0,0,133,23,0,0,7,0.00064291,nan,nan0
0,0,133,23,0,0,7,0.00105914,nan,nan0
0,0,133,23,0,0,7,0.00142116,nan,nan0
0,0,133,23,0,0,7,0.000969414,nan,nan0
0,0,133,23,0,0,7,0.000691955,nan,nan0
0,0,133,23,0,0,7,0.000606411,nan,nan0
0,0,133,23,0,0,7,0.00106676,nan,nan0
0,0,133,23,0,0,7,0.000605884,nan,nan0
0,0,133,23,0,0,7,0.000912447,nan,nan0
0,0,133,23,0,0,7,0.00103274,nan,nan0
0,0,133,23,0,0,7,0.000770796,nan,nan0
0,0,133,23,0,0,7,0.000710016,nan,nan0
0,0,133,23,0,0,7,0.000779364,nan,nan0
0,0,133,23,0,0,7,0.000712067,nan,nan0
0,0,133,23,0,0,7,0.000929429,nan,nan0
0,0,133,23,0,0,7,0.000920075,nan,nan0
0,0,133,23,0,0,7,0.000789445,nan,nan0
0,0,133,23,0,0,7,0.000776906,nan,nan0
0,0,133,23,0,0,7,0.000674374,nan,nan0
0,0,133,23,0,0,7,0.00114679,nan,nan0
0,0,133,23,0,0,7,0.000672804,nan,nan0
0,0,133,23,0,0,7,0.000644724,nan,nan0
0,0,133,23,0,0,7,0.000995143,nan,nan0
0,0,133,23,0,0,7,0.00126473,nan,nan0
0,0,133,23,0,0,7,0.00074524,nan,nan0
0,0,133,23,0,0,7,0.00100188,nan,nan0
0,0,133,23,0,0,7,0.000855164,nan,nan0
0,0,133,23,0,0,7,0.000601048,nan,nan0
0,0,133,23,0,0,7,0.000632879,nan,nan0
0,0,133,23,0,0,7,0.000731969,nan,nan0
0,0,133,23,0,0,7,0.000612209,nan,nan0
0,0,133,23,0,0,7,0.00059506,nan,nan0
0,0,133,23,0,0,7,0.000596551,nan,nan0
0,0,133,23,0,0,7,0.000736164,nan,nan0
0,0,133,23,0,0,7,0.000611905,nan,nan0
0,0,133,23,0,0,7,0.00100647,nan,nan0
0,0,133,23,0,0,7,0.000726568,nan,nan0
0,0,133,23,0,0,7,0.000737211,nan,nan0
0,0,133,23,0,0,7,0.000981552,nan,nan0
0,0,133,23,0,0,7,0.000946729,nan,nan0
0,0,133,23,0,0,7,0.000772125,nan,nan0
0,0,133,23,0,0,7,0.000740211,nan,nan0
0,0,133,23,0,0,7,0.00086278,nan,nan0
0,0,133,23,0,0,7,0.00120853,nan,nan0
0,0,133,23,0,0,7,0.00091708,nan,nan0
0,0,133,23,0,0,7,0.000754849,nan,nan0
0,0,133,23,0,0,7,0.0010237,nan,nan0
0,0,133,23,0,0,7,0.000917339,nan,nan0
0,0,133,23,0,0,7,0.000833636,nan,nan0
0,0,133,23,0,0,7,0.00230197,nan,nan0
0,0,133,23,0,0,7,0.000606835,nan,nan0
0,0,133,23,0,0,7,0.00101067,nan,nan0
0,0,133,23,0,0,7,0.00063877,nan,nan0
0,0,133,23,0,0,7,0.00105135,nan,nan0
0,0,133,23,0,0,7,0.000711783,nan,nan0
0,0,133,23,0,0,7,0.000877173,nan,nan0
0,0,133,23,0,0,7,0.000675684,nan,nan0
0,0,133,23,0,0,7,0.000678086,nan,nan0
0,0,133,23,0,0,7,0.000797538,nan,nan0
0,0,133,23,0,0,7,0.000667149,nan,nan0
0,0,133,23,0,0,7,0.00126542,nan,nan0
0,0,133,23,0,0,7,0.00117612,nan,nan0
0,0,133,23,0,0,7,0.000627409,nan,nan0
0,0,133,23,0,0,7,0.000585146,nan,nan0
0,0,133,23,0,0,7,0.000642313,nan,nan0
0,0,133,23,0,0,7,0.000730021,nan,nan0
0,0,133,23,0,0,7,0.00118211,nan,nan0
0,0,133,23,0,0,7,0.000993553,nan,nan0
0,0,133,23,0,0,7,0.000843113,nan,nan0
0,0,133,23,0,0,7,0.000768874,nan,nan0
0,0,133,23,0,0,7,0.00122204,nan,nan0
0,0,133,23,0,0,7,0.00100164,nan,nan0
0,0,133,23,0,0,7,0.000778988,nan,nan0
0,0,133,23,0,0,7,0.000672738,nan,nan0
0,0,133,23,0,0,7,0.000729833,nan,nan0
0,0,133,23,0,0,7,0.000637829,nan,nan0
0,0,133,23,0,0,7,0.000666213,nan,nan0
0,0,133,23,0,0,7,0.000942693,nan,nan0
0,0,133,23,0,0,7,0.000688737,nan,nan0
0,0,133,23,0,0,7,0.000557901,nan,nan0
0,0,133,23,0,0,7,0.000647392,nan,nan0
0,0,133,23,0,0,7,0.0013469,nan,nan0
0,0,133,23,0,0,7,0.000678531,nan,nan0
0,0,133,23,0,0,7,0.000898925,nan,nan0
0,0,133,23,0,0,7,0.00121352,nan,nan0
0,0,133,23,0,0,7,0.00107241,nan,nan0
0,0,133,23,0,0,7,0.000635085,nan,nan0
0,0,133,23,0,0,7,0.000732096,nan,nan0
0,0,133,23,0,0,7,0.000936392,nan,nan0
0,0,133,23,0,0,7,0.00061584,nan,nan0
0,0,133,23,0,0,7,0.00110086,nan,nan0
0,0,133,23,0,0,7,0.00102695,nan,nan0
0,0,133,23,0,0,7,0.000834268,nan,nan0
0,0,133,23,0,0,7,0.000816718,nan,nan0
0,0,133,23,0,0,7,0.00104479,nan,nan0
0,0,133,23,0,0,7,0.000665379,nan,nan0
0,0,133,23,0,0,7,0.000607337,nan,nan0
0,0,133,23,0,0,7,0.0027983,nan,nan0
0,0,133,23,0,0,7,0.000749487,nan,nan0
0,0,133,23,0,0,7,0.00256898,nan,nan0
0,0,133,23,0,0,7,0.000628325,nan,nan0
0,0,133,23,0,0,7,0.0011529,nan,nan0
0,0,133,23,0,0,7,0.00125318,nan,nan0
0,0,133,23,0,0,7,0.000674678,nan,nan0
0,0,133,23,0,0,7,0.000961648,nan,nan0
0,0,133,23,0,0,7,0.00122681,nan,nan0
0,0,133,23,0,0,7,0.00127669,nan,nan0
0,0,133,23,0,0,7,0.000739333,nan,nan0
0,0,133,23,0,0,7,0.00123155,nan,nan0
0,0,133,23,0,0,7,0.000979579,nan,nan0
0,0,133,23,0,0,7,0.00158727,nan,nan0
0,0,133,23,0,0,7,0.000586253,nan,nan0
0,0,133,23,0,0,7,0.00062869,nan,nan0
0,0,133,23,0,0,7,0.00111422,nan,nan0
0,0,133,23,0,0,7,0.000679732,nan,nan0
0,0,138,24,1,0,8,0.00077851,nan,nan0
0,0,138,24,0,0,8,0.000837131,nan,nan0
0,0,138,24,0,0,8,0.000651212,nan,nan0
0,0,138,24,0,0,8,0.000678991,nan,nan0
0,0,138,24,0,0,8,0.000643394,nan,nan0
0,0,138,24,0,0,8,0.00138352,nan,nan0
0,0,138,24,0,0,8,0.000687528,nan,nan0
0,0,173,29,27,26,9,0.000977892,nan,nan0
0,0,173,29,0,0,9,0.000973164,nan,nan0
0,0,173,29,0,0,9,0.000812893,nan,nan0
0,0,173,29,0,0,9,0.000670833,nan,nan0
0,0,173,29,0,0,9,0.00122468,nan,nan0
0,0,173,29,0,0,9,0.00122993,nan,nan0
0,0,173,29,0,0,9,0.000787177,nan,nan0
0,0,173,29,0,0,9,0.00079357,nan,nan0
0,0,173,29,0,0,9,0.000701,nan,nan0
0,0,173,29,0,0,9,0.000679288,nan,nan0
0,0,173,29,0,0,9,0.000678127,nan,nan0
0,0,173,29,0,0,9,0.000843152,nan,nan0
0,0,173,29,0,0,9,0.000830773,nan,nan0
0,0,173,29,0,0,9,0.00101354,nan,nan0
0,0,173,29,0,0,9,0.00083045,nan,nan0
0,0,173,29,0,0,9,0.000749574,nan,nan0
0,0,173,29,0,0,9,0.000822995,nan,nan0
0,0,173,29,0,0,9,0.00109262,nan,nan0
0,0,173,29,0,0,9,0.000656951,nan,nan0
0,0,173,29,0,0,9,0.000710219,nan,nan0
0,0,173,29,0,0,9,0.00074784,nan,nan0
0,0,173,29,0,0,9,0.000869811,nan,nan0
0,0,173,29,0,0,9,0.00215434,nan,nan0
0,0,173,29,0,0,9,0.000826768,nan,nan0
0,0,173,29,0,0,9,0.000657843,nan,nan0
0,0,173,29,0,0,9,0.000961492,nan,nan0
0,0,173,29,0,0,9,0.000656469,nan,nan0
0,0,173,29,0,0,9,0.000764574,nan,nan0
0,0,173,29,0,0,9,0.00114206,nan,nan0
0,0,173,29,0,0,9,0.00127682,nan,nan0
0,0,173,29,0,0,9,0.00134583,nan,nan0
0,0,173,29,0,0,9,0.00112617,nan,nan0
0,0,173,29,0,0,9,0.000711333,nan,nan0
0,0,173,29,0,0,9,0.000713831,nan,nan0
0,0,173,29,0,0,9,0.000646509,nan,nan0
0,0,173,29,0,0,9,0.000877943,nan,nan0
0,0,173,29,0,0,9,0.000666554,nan,nan0
0,0,173,29,0,0,9,0.000671107,nan,nan0
0,0,173,29,0,0,9,0.000650212,nan,nan0
0,0,173,29,0,0,9,0.00150751,nan,nan0
0,0,173,29,0,0,9,0.00109508,nan,nan0
0,0,173,29,0,0,9,0.000691712,nan,nan0
0,0,173,29,0,0,9,0.000759609,nan,nan0
0,0,173,29,0,0,9,0.000642676,nan,nan0
0,0,173,29,0,0,9,0.00116054,nan,nan0
0,0,173,29,0,0,9,0.00111143,nan,nan0
0,0,173,29,0,0,9,0.00109268,nan,nan0
0,0,173,29,0,0,9,0.00112901,nan,nan0
0,0,173,29,0,0,9,0.00111175,nan,nan0
0,0,173,29,0,0,9,0.00103803,nan,nan0
0,0,173,29,0,0,9,0.00169126,nan,nan0
0,0,173,29,0,0,9,0.00110716,nan,nan0
0,0,173,29,0,0,9,0.00078261,nan,nan0
0,0,173,29,0,0,9,0.000737239,nan,nan0
0,0,173,29,0,0,9,0.00119611,nan,nan0
0,0,173,29,0,0,9,0.000895118,nan,nan0
0,0,173,29,0,0,9,0.000750021,nan,nan0
0,0,173,29,0,0,9,0.000734083,nan,nan0
0,0,173,29,0,0,9,0.00075961,nan,nan0
0,0,173,29,0,0,9,0.00125933,nan,nan0
0,0,173,29,0,0,9,0.00084999,nan,nan0
0,0,173,29,0,0,9,0.00146746,nan,nan0
0,0,173,29,0,0,9,0.00103743,nan,nan0
0,0,173,29,0,0,9,0.00125876,nan,nan0
0,0,173,29,0,0,9,0.00106642,nan,nan0
0,0,173,29,0,0,9,0.000722749,nan,nan0
0,0,173,29,0,0,9,0.00116212,nan,nan0
0,0,173,29,0,0,9,0.000776975,nan,nan0
0,0,182,30,1,0,10,0.00132868,nan,nan0
0,0,182,30,0,0,10,0.000796161,nan,nan0
0,0,182,30,0,0,10,0.00161959,nan,nan0
0,0,182,30,0,0,10,0.00140996,nan,nan0
0,0,182,30,0,0,10,0.00124105,nan,nan0
0,0,182,30,0,0,10,0.00127378,nan,nan0
0,0,182,30,0,0,10,0.000842858,nan,nan0
0,0,182,30,0,0,10,0.00127143,nan,nan0
0,0,182,30,0,0,10,0.00118509,nan,nan0
0,0,182,30,0,0,10,0.000968956,nan,nan0
0,0,182,30,0,0,10,0.000971604,nan,nan0
0,0,182,30,0,0,10,0.0013453,nan,nan0
0,0,182,30,0,0,10,0.00128022,nan,nan0
0,0,182,30,0,0,10,0.00126035,nan,nan0
0,0,182,30,0,0,10,0.000919858,nan,nan0
0,0,182,30,0,0,10,0.00087126,nan,nan0
0,0,182,30,0,0,10,0.000979507,nan,nan0
0,0,182,30,0,0,10,0.00116203,nan,nan0
0,0,182,30,0,0,10,0.000907853,nan,nan0
0,0,182,30,0,0,10,0.0012546,nan,nan0
0,0,182,30,0,0,10,0.00192819,nan,nan0
0,0,182,30,0,0,10,0.000904078,nan,nan0
0,0,182,30,0,0,10,0.000845812,nan,nan0
0,0,182,30,0,0,10,0.000809142,nan,nan0
0,0,182,30,0,0,10,0.000869752,nan,nan0
0,0,182,30,0,0,10,0.000924426,nan,nan0
0,0,182,30,0,0,10,0.000947935,nan,nan0
0,0,182,30,0,0,10,0.00117888,nan,nan0
0,0,182,30,0,0,10,0.00149186,nan,nan0
0,0,182,30,0,0,10,0.00110285,nan,nan0
0,0,182,30,0,0,10,0.00103437,nan,nan0
0,0,182,30,0,0,10,0.000783443,nan,nan0
0,0,182,30,0,0,10,0.00128836,nan,nan0
0,0,182,30,0,0,10,0.000923198,nan,nan0
0,0,182,30,0,0,10,0.000971356,nan,nan0
0,0,182,30,0,0,10,0.00105012,nan,nan0
0,0,182,30,0,0,10,0.00108343,nan,nan0
0,0,182,30,0,0,10,0.00103687,nan,nan0
0,0,182,30,0,0,10,0.00100025,nan,nan0
0,0,182,30,0,0,10,0.00126389,nan,nan0
0,0,182,30,0,0,10,0.00142021,nan,nan0
0,0,182,30,0,0,10,0.000936351,nan,nan0
0,0,182,30,0,0,10,0.000909008,nan,nan0
0,0,182,30,0,0,10,0.00131459,nan,nan0
0,0,191,31,1,0,11,0.00186687,nan,nan0
0,0,191,31,0,0,11,0.00138714,nan,nan0
0,0,195,32,4,4,11,0.000996225,nan,nan0
0,0,195,32,0,0,11,0.00147678,nan,nan0
0,0,195,32,0,0,11,0.000988422,nan,nan0
0,0,195,32,0,0,11,0.0011038,nan,nan0
0,0,199,33,4,4,11,0.000856078,nan,nan0
0,0,199,33,0,0,11,0.00154076,nan,nan0
0,0,199,33,0,0,11,0.00122764,nan,nan0
0,0,199,33,0,0,11,0.00133482,nan,nan0
0,0,199,33,0,0,11,0.000858476,nan,nan0
0,0,199,33,0,0,11,0.00202218,nan,nan0
0,0,199,33,0,0,11,0.00127129,nan,nan0
0,0,199,33,0,0,11,0.000890683,nan,nan0
0,0,199,33,0,0,11,0.00124176,nan,nan0
0,0,199,33,0,0,11,0.00195617,nan,nan0
0,0,199,33,0,0,11,0.00106421,nan,nan0
0,0,199,33,0,0,11,0.00152626,nan,nan0
0,0,199,33,0,0,11,0.00135573,nan,nan0
0,0,199,33,0,0,11,0.00158783,nan,nan0
0,0,199,33,0,0,11,0.00103994,nan,nan0
0,0,199,33,0,0,11,0.00105946,nan,nan0
0,0,199,33,0,0,11,0.00111372,nan,nan0
0,0,199,33,0,0,11,0.00141477,nan,nan0
0,0,199,33,0,0,11,0.00131799,nan,nan0
0,0,199,33,0,0,11,0.00138649,nan,nan0
0,0,199,33,0,0,11,0.00148338,nan,nan0
0,0,199,33,0,0,11,0.00103435,nan,nan0
0,0,199,33,0,0,11,0.00171161,nan,nan0
0,0,199,33,0,0,11,0.00133426,nan,nan0
0,0,199,33,0,0,11,0.00106584,nan,nan0
0,0,199,33,0,0,11,0.000884392,nan,nan0
0,0,199,33,0,0,11,0.000967412,nan,nan0
0,0,199,33,0,0,11,0.00231018,nan,nan0
0,0,199,33,0,0,11,0.0012698,nan,nan0
0,0,199,33,0,0,11,0.00134477,nan,nan0
0,0,199,33,0,0,11,0.00118922,nan,nan0
0,0,199,33,0,0,11,0.0018751,nan,nan0
0,0,199,33,0,0,11,0.0010773,nan,nan0
0,0,199,33,0,0,11,0.00190689,nan,nan0
0,0,199,33,0,0,11,0.00152929,nan,nan0
0,0,199,33,0,0,11,0.00145829,nan,nan0
0,0,199,33,0,0,11,0.00154213,nan,nan0
0,0,199,33,0,0,11,0.00105456,nan,nan0
0,0,199,33,0,0,11,0.00143043,nan,nan0
0,0,199,33,0,0,11,0.00112121,nan,nan0
0,0,199,33,0,0,11,0.00128044,nan,nan0
0,0,199,33,0,0,11,0.00156831,nan,nan0
0,0,199,33,0,0,11,0.00151835,nan,nan0
0,0,199,33,0,0,11,0.00106368,nan,nan0
0,0,199,33,0,0,11,0.00128531,nan,nan0
0,0,199,33,0,0,11,0.00246213,nan,nan0
0,0,199,33,0,0,11,0.00115888,nan,nan0
0,0,199,33,0,0,11,0.00200573,nan,nan0
0,0,199,33,0,0,11,0.00107877,nan,nan0
0,0,199,33,0,0,11,0.00108766,nan,nan0
0,0,199,33,0,0,11,0.00126464,nan,nan0
0,0,199,33,0,0,11,0.00102472,nan,nan0
0,0,199,33,0,0,11,0.00110924,nan,nan0
0,0,199,33,0,0,11,0.00101424,nan,nan0
0,0,199,33,0,0,11,0.00150177,nan,nan0
0,0,199,33,0,0,11,0.0027543,nan,nan0
0,0,199,33,0,0,11,0.00193045,nan,nan0
0,0,199,33,0,0,11,0.00159118,nan,nan0
0,0,199,33,0,0,11,0.00163153,nan,nan0
0,0,199,33,0,0,11,0.0018648,nan,nan0
0,0,199,33,0,0,11,0.00146477,nan,nan0
0,0,199,33,0,0,11,0.00148841,nan,nan0
0,0,199,33,0,0,11,0.00199939,nan,nan0
0,0,199,33,0,0,11,0.00113113,nan,nan0
0,0,199,33,0,0,11,0.00119925,nan,nan0
0,0,199,33,0,0,11,0.00157657,nan,nan0
0,0,199,33,0,0,11,0.00114621,nan,nan0
0,0,199,33,0,0,11,0.00096442,nan,nan0
0,0,199,33,0,0,11,0.0010045,nan,nan0
0,0,199,33,0,0,11,0.00154579,nan,nan0
0,0,199,33,0,0,11,0.00275275,nan,nan0
0,0,199,33,0,0,11,0.00137775,nan,nan0
0,0,199,33,0,0,11,0.000996881,nan,nan0
0,0,199,33,0,0,11,0.00164127,nan,nan0
0,0,199,33,0,0,11,0.00151668,nan,nan0
0,0,199,33,0,0,11,0.00104137,nan,nan0
0,0,199,33,0,0,11,0.00131409,nan,nan0
0,0,199,33,0,0,11,0.00244558,nan,nan0
0,0,199,33,0,0,11,0.00208651,nan,nan0
0,0,199,33,0,0,11,0.00141079,nan,nan0
0,0,199,33,0,0,11,0.001524,nan,nan0
0,0,199,33,0,0,11,0.000972202,nan,nan0
0,0,199,33,0,0,11,0.0011425,nan,nan0
0,0,199,33,0,0,11,0.00172744,nan,nan0
0,0,199,33,0,0,11,0.00113066,nan,nan0
0,0,199,33,0,0,11,0.00100596,nan,nan0
0,0,199,33,0,0,11,0.00125181,nan,nan0
0,0,199,33,0,0,11,0.00167358,nan,nan0
0,0,199,33,0,0,11,0.00171288,nan,nan0
0,0,199,33,0,0,11,0.00154991,nan,nan0
0,0,199,33,0,0,11,0.00103086,nan,nan0
0,0,202,34,1,0,12,0.00148819,nan,nan0
0,0,202,34,0,0,12,0.00215786,nan,nan0
0,0,202,34,0,0,12,0.00114963,nan,nan0
0,0,202,34,0,0,12,0.00123593,nan,nan0
0,0,202,34,0,0,12,0.0020526,nan,nan0
0,0,202,34,0,0,12,0.00159627,nan,nan0
0,0,202,34,0,0,12,0.00165269,nan,nan0
0,0,202,34,0,0,12,0.00138601,nan,nan0
0,0,202,34,0,0,12,0.00183001,nan,nan0
0,0,202,34,0,0,12,0.00213887,nan,nan0
0,0,202,34,0,0,12,0.00118239,nan,nan0
0,0,202,34,0,0,12,0.00219005,nan,nan0
0,0,202,34,0,0,12,0.00170242,nan,nan0
0,0,202,34,0,0,12,0.00121381,nan,nan0
0,0,202,34,0,0,12,0.00170717,nan,nan0
0,0,202,34,0,0,12,0.00176452,nan,nan0
0,0,202,34,0,0,12,0.0011231,nan,nan0
0,0,202,34,0,0,12,0.00104597,nan,nan0
0,0,202,34,0,0,12,0.00126152,nan,nan0
0,0,205,35,1,0,13,0.00117932,nan,nan0
0,0,205,35,0,0,13,0.00124339,nan,nan0
0,0,205,35,0,0,13,0.00131714,nan,nan0
0,0,205,35,0,0,13,0.0014046,nan,nan0
0,0,205,35,0,0,13,0.00116699,nan,nan0
0,0,205,35,0,0,13,0.00138841,nan,nan0
0,0,205,35,0,0,13,0.00176913,nan,nan0
0,0,205,35,0,0,13,0.00158781,nan,nan0
0,0,205,35,0,0,13,0.00134275,nan,nan0
0,0,205,35,0,0,13,0.00122683,nan,nan0
0,0,205,35,0,0,13,0.0012715,nan,nan0
0,0,205,35,0,0,13,0.00136472,nan,nan0
0,0,205,35,0,0,13,0.00158717,nan,nan0
0,0,205,35,0,0,13,0.00130193,nan,nan0
0,0,205,35,0,0,13,0.00117292,nan,nan0
0,0,205,35,0,0,13,0.00199497,nan,nan0
0,0,205,35,0,0,13,0.00184018,nan,nan0
0,0,205,35,0,0,13,0.00137303,nan,nan0
0,0,205,35,0,0,13,0.00232701,nan,nan0
0,0,205,35,0,0,13,0.0019714,nan,nan0
0,0,205,35,0,0,13,0.00154962,nan,nan0
0,0,205,35,0,0,13,0.00133263,nan,nan0
0,0,205,35,0,0,13,0.00171145,nan,nan0
0,0,205,35,0,0,13,0.00177752,nan,nan0
0,0,205,35,0,0,13,0.00133802,nan,nan0
0,0,205,35,0,0,13,0.0016903,nan,nan0
0,0,208,36,1,0,14,0.0019266,nan,nan0
0,0,208,36,0,0,14,0.00195099,nan,nan0
0,0,208,36,0,0,14,0.00146497,nan,nan0
0,0,208,36,0,0,14,0.00120295,nan,nan0
0,0,208,36,0,0,14,0.001275,nan,nan0
0,0,208,36,0,0,14,0.00180529,nan,nan0
0,0,208,36,0,0,14,0.0017144,nan,nan0
0,0,208,36,0,0,14,0.00125268,nan,nan0
0,0,208,36,0,0,14,0.00138816,nan,nan0
0,0,208,36,0,0,14,0.00120018,nan,nan0
0,0,208,36,0,0,14,0.00176435,nan,nan0
0,0,208,36,0,0,14,0.00188423,nan,nan0
0,0,208,36,0,0,14,0.00124509,nan,nan0
0,0,208,36,0,0,14,0.00130149,nan,nan0
0,0,208,36,0,0,14,0.00187137,nan,nan0
0,0,214,38,6,6,14,0.00127767,nan,nan0
0,0,214,38,0,0,14,0.00142203,nan,nan0
0,0,219,39,1,0,15,0.00212914,nan,nan0
0,0,219,39,0,0,15,0.00185537,nan,nan0
0,0,219,39,0,0,15,0.00236836,nan,nan0
0,0,219,39,0,0,15,0.00204895,nan,nan0
0,0,219,39,0,0,15,0.00187248,nan,nan0
0,0,219,39,0,0,15,0.00183317,nan,nan0
0,0,219,39,0,0,15,0.00119205,nan,nan0
0,0,219,39,0,0,15,0.00195606,nan,nan0
0,0,219,39,0,0,15,0.00129636,nan,nan0
0,0,219,39,0,0,15,0.00156521,nan,nan0
0,0,219,39,0,0,15,0.00123216,nan,nan0
0,0,219,39,0,0,15,0.00150514,nan,nan0
0,0,219,39,0,0,15,0.00140758,nan,nan0
0,0,219,39,0,0,15,0.0011713,nan,nan0
0,0,219,39,0,0,15,0.00122683,nan,nan0
0,0,219,39,0,0,15,0.00128772,nan,nan0
0,0,219,39,0,0,15,0.00118385,nan,nan0
0,0,219,39,0,0,15,0.00136585,nan,nan0
0,0,219,39,0,0,15,0.00149378,nan,nan0
0,0,219,39,0,0,15,0.00148104,nan,nan0
0,0,219,39,0,0,15,0.00138399,nan,nan0
0,0,219,39,0,0,15,0.00128328,nan,nan0
0,0,219,39,0,0,15,0.00157118,nan,nan0
0,0,219,39,0,0,15,0.00139762,nan,nan0
0,0,219,39,0,0,15,0.00123609,nan,nan0
0,0,219,39,0,0,15,0.00120175,nan,nan0
0,0,219,39,0,0,15,0.00155028,nan,nan0
0,0,227,41,8,8,15,0.00122871,nan,nan0
0,0,227,41,0,0,15,0.00179301,nan,nan0
0,0,227,41,0,0,15,0.0012551,nan,nan0
0,0,227,41,0,0,15,0.00156549,nan,nan0
0,0,227,41,0,0,15,0.00129532,nan,nan0
0,0,232,42,1,0,16,0.00142578,nan,nan0
0,0,232,42,0,0,16,0.00268826,nan,nan0
0,0,232,42,0,0,16,0.001663,nan,nan0
0,0,232,42,0,0,16,0.00160788,nan,nan0
0,0,232,42,0,0,16,0.00118505,nan,nan0
0,0,232,42,0,0,16,0.00208601,nan,nan0
0,0,232,42,0,0,16,0.00139132,nan,nan0
0,0,232,42,0,0,16,0.00155376,nan,nan0
0,0,232,42,0,0,16,0.00361097,nan,nan0
0,0,232,42,0,0,16,0.00147799,nan,nan0
0,0,232,42,0,0,16,0.00156477,nan,nan0
0,0,232,42,0,0,16,0.00183261,nan,nan0
0,0,232,42,0,0,16,0.00138868,nan,nan0
0,0,232,42,0,0,16,0.00132065,nan,nan0
0,0,232,42,0,0,16,0.00135524,nan,nan0
0,0,232,42,0,0,16,0.00141591,nan,nan0
0,0,232,42,0,0,16,0.00168878,nan,nan0
0,0,232,42,0,0,16,0.00127335,nan,nan0
0,0,232,42,0,0,16,0.00136702,nan,nan0
0,0,232,42,0,0,16,0.0014903,nan,nan0
0,0,232,42,0,0,16,0.00143372,nan,nan0
0,0,232,42,0,0,16,0.0020267,nan,nan0
0,0,232,42,0,0,16,0.00144615,nan,nan0
0,0,232,42,0,0,16,0.0014781,nan,nan0
0,0,232,42,0,0,16,0.00129164,nan,nan0
0,0,232,42,0,0,16,0.00190262,nan,nan0
0,0,232,42,0,0,16,0.00185938,nan,nan0
0,0,232,42,0,0,16,0.0019208,nan,nan0
0,0,240,44,8,8,16,0.00139182,nan,nan0
0,0,240,44,0,0,16,0.00143222,nan,nan0
0,0,240,44,0,0,16,0.00144344,nan,nan0
0,0,246,46,6,6,16,0.00192332,nan,nan0
0,0,246,46,0,0,16,0.00177908,nan,nan0
0,0,246,46,0,0,16,0.00152346,nan,nan0
0,0,246,46,0,0,16,0.00141839,nan,nan0
0,0,246,46,0,0,16,0.00219737,nan,nan0
0,0,246,46,0,0,16,0.00140441,nan,nan0
0,0,246,46,0,0,16,0.00177486,nan,nan0
0,0,246,46,0,0,16,0.0017721,nan,nan0
0,0,246,46,0,0,16,0.001546,nan,nan0
0,0,246,46,0,0,16,0.00159334,nan,nan0
0,0,246,46,0,0,16,0.00210415,nan,nan0
0,0,246,46,0,0,16,0.00153247,nan,nan0
0,0,246,46,0,0,16,0.00168649,nan,nan0
0,0,246,46,0,0,16,0.00182182,nan,nan0
0,0,246,46,0,0,16,0.00219552,nan,nan0
0,0,246,46,0,0,16,0.00147134,nan,nan0
0,0,246,46,0,0,16,0.00186257,nan,nan0
0,0,246,46,0,0,16,0.00160556,nan,nan0
0,0,246,46,0,0,16,0.00207679,nan,nan0
0,0,246,46,0,0,16,0.00183553,nan,nan0
0,0,246,46,0,0,16,0.00162135,nan,nan0
0,0,246,46,0,0,16,0.00193565,nan,nan0
0,0,246,46,0,0,16,0.00147417,nan,nan0
0,0,246,46,0,0,16,0.00154506,nan,nan0
0,0,246,46,0,0,16,0.00208265,nan,nan0
0,0,246,46,0,0,16,0.00258324,nan,nan0
0,0,246,46,0,0,16,0.00149918,nan,nan0
0,0,246,46,0,0,16,0.00205856,nan,nan0
0,0,246,46,0,0,16,0.00137683,nan,nan0
0,0,246,46,0,0,16,0.0015631,nan,nan0
0,0,246,46,0,0,16,0.00168679,nan,nan0
0,0,250,47,4,4,16,0.00197652,nan,nan0
0,0,250,47,0,0,16,0.00178935,nan,nan0
0,0,250,47,0,0,16,0.00165489,nan,nan0
0,0,250,47,0,0,16,0.00169276,nan,nan0
0,0,250,47,0,0,16,0.00149257,nan,nan0
0,0,250,47,0,0,16,0.0014808,nan,nan0
0,0,250,47,0,0,16,0.00159799,nan,nan0
0,0,250,47,0,0,16,0.00164,nan,nan0
0,0,250,47,0,0,16,0.00174369,nan,nan0
0,0,250,47,0,0,16,0.00143356,nan,nan0
0,0,250,47,0,0,16,0.0018111,nan,nan0
0,0,250,47,0,0,16,0.00225368,nan,nan0
0,0,250,47,0,0,16,0.00202535,nan,nan0
0,0,250,47,0,0,16,0.0019635,nan,nan0
0,0,250,47,0,0,16,0.00286885,nan,nan0
0,0,250,47,0,0,16,0.00186371,nan,nan0
0,0,250,47,0,0,16,0.00204486,nan,nan0
0,0,250,47,0,0,16,0.00188654,nan,nan0
0,0,250,47,0,0,16,0.00170075,nan,nan0
0,0,250,47,0,0,16,0.00161791,nan,nan0
0,0,250,47,0,0,16,0.0015291,nan,nan0
0,0,250,47,0,0,16,0.00159846,nan,nan0
0,0,250,47,0,0,16,0.00184752,nan,nan0
0,0,250,47,0,0,16,0.00164333,nan,nan0
0,0,250,47,0,0,16,0.00161692,nan,nan0
0,0,250,47,0,0,16,0.00208887,nan,nan0
0,0,250,47,0,0,16,0.00214815,nan,nan0
0,0,250,47,0,0,16,0.00248307,nan,nan0
0,0,250,47,0,0,16,0.0020214,nan,nan0
0,0,250,47,0,0,16,0.00148727,nan,nan0
0,0,250,47,0,0,16,0.00285776,nan,nan0
0,0,250,47,0,0,16,0.00237157,nan,nan0
0,0,250,47,0,0,16,0.00156778,nan,nan0
0,0,250,47,0,0,16,0.00164874,nan,nan0
0,0,250,47,0,0,16,0.00264861,nan,nan0
0,0,250,47,0,0,16,0.00298713,nan,nan0
0,0,250,47,0,0,16,0.00233155,nan,nan0
0,0,250,47,0,0,16,0.00206773,nan,nan0
0,0,250,47,0,0,16,0.00177677,nan,nan0
0,0,250,47,0,0,16,0.00182214,nan,nan0
0,0,250,47,0,0,16,0.00162336,nan,nan0
0,0,250,47,0,0,16,0.00189092,nan,nan0
0,0,250,47,0,0,16,0.00303666,nan,nan0
0,0,250,47,0,0,16,0.00185683,nan,nan0
0,0,250,47,0,0,16,0.00189017,nan,nan0
0,0,250,47,0,0,16,0.00209602,nan,nan0
0,0,256,48,6,6,16,0.00162023,nan,nan0
0,0,256,48,0,0,16,0.00186301,nan,nan0
0,0,256,48,0,0,16,0.00167362,nan,nan0
0,0,256,48,0,0,16,0.00159268,nan,nan0
0,0,256,48,0,0,16,0.00173938,nan,nan0
0,0,256,48,0,0,16,0.00165696,nan,nan0
0,0,256,48,0,0,16,0.00172229,nan,nan0
0,0,256,48,0,0,16,0.00180727,nan,nan0
0,0,256,48,0,0,16,0.00218036,nan,nan0
0,0,256,48,0,0,16,0.00166574,nan,nan0
0,0,256,48,0,0,16,0.00221414,nan,nan0
0,0,256,48,0,0,16,0.00247211,nan,nan0
0,0,256,48,0,0,16,0.00185891,nan,nan0
0,0,256,48,0,0,16,0.00174086,nan,nan0
0,0,256,48,0,0,16,0.00189791,nan,nan0
0,0,256,48,0,0,16,0.00205108,nan,nan0
0,0,256,48,0,0,16,0.00281827,nan,nan0
0,0,256,48,0,0,16,0.00308113,nan,nan0
0,0,256,48,0,0,16,0.00239624,nan,nan0
0,0,256,48,0,0,16,0.0016672,nan,nan0
0,0,256,48,0,0,16,0.00161272,nan,nan0
0,0,256,48,0,0,16,0.00178128,nan,nan0
0,0,256,48,0,0,16,0.0020883,nan,nan0
0,0,256,48,0,0,16,0.00191647,nan,nan0
0,0,256,48,0,0,16,0.00202247,nan,nan0
0,0,256,48,0,0,16,0.00181154,nan,nan0
0,0,256,48,0,0,16,0.00163888,nan,nan0
0,0,256,48,0,0,16,0.00233707,nan,nan0
0,0,259,49,1,0,17,0.00170931,nan,nan0
0,0,259,49,0,0,17,0.00170261,nan,nan0
0,0,259,49,0,0,17,0.0016301,nan,nan0
0,0,259,49,0,0,17,0.00182094,nan,nan0
0,0,259,49,0,0,17,0.00182254,nan,nan0
0,0,259,49,0,0,17,0.00358036,nan,nan0
0,0,259,49,0,0,17,0.00389756,nan,nan0
0,0,259,49,0,0,17,0.00163347,nan,nan0
0,0,259,49,0,0,17,0.00214637,nan,nan0
0,0,259,49,0,0,17,0.00297973,nan,nan0
0,0,259,49,0,0,17,0.00240847,nan,nan0
0,0,259,49,0,0,17,0.00202831,nan,nan0
0,0,259,49,0,0,17,0.00171357,nan,nan0
0,0,259,49,0,0,17,0.00177089,nan,nan0
0,0,259,49,0,0,17,0.00227349,nan,nan0
0,0,259,49,0,0,17,0.00241134,nan,nan0
0,0,259,49,0,0,17,0.00176196,nan,nan0
0,0,259,49,0,0,17,0.00193739,nan,nan0
0,0,259,49,0,0,17,0.00234938,nan,nan0
0,0,259,49,0,0,17,0.00190576,nan,nan0
0,0,259,49,0,0,17,0.00237422,nan,nan0
0,0,259,49,0,0,17,0.00176597,nan,nan0
0,0,259,49,0,0,17,0.00181473,nan,nan0
0,0,259,49,0,0,17,0.00154377,nan,nan0
0,0,259,49,0,0,17,0.00231488,nan,nan0
0,0,259,49,0,0,17,0.00217221,nan,nan0
0,0,259,49,0,0,17,0.00251399,nan,nan0
0,0,259,49,0,0,17,0.00200981,nan,nan0
0,0,262,50,1,0,18,0.00200829,nan,nan0
0,0,262,50,0,0,18,0.00188549,nan,nan0
0,0,262,50,0,0,18,0.00185469,nan,nan0
0,0,262,50,0,0,18,0.00186392,nan,nan0
0,0,262,50,0,0,18,0.00170718,nan,nan0
0,0,262,50,0,0,18,0.0017662,nan,nan0
0,0,262,50,0,0,18,0.0019001,nan,nan0
0,0,262,50,0,0,18,0.00216635,nan,nan0
0,0,262,50,0,0,18,0.00202525,nan,nan0
0,0,265,51,1,0,19,0.00196367,nan,nan0
0,0,265,51,0,0,19,0.0016858,nan,nan0
0,0,265,51,0,0,19,0.00185055,nan,nan0
0,0,265,51,0,0,19,0.00203252,nan,nan0
0,0,265,51,0,0,19,0.00172108,nan,nan0
0,0,265,51,0,0,19,0.00197692,nan,nan0
0,0,265,51,0,0,19,0.00581168,nan,nan0
0,0,265,51,0,0,19,0.0018418,nan,nan0
0,0,265,51,0,0,19,0.00173802,nan,nan0
0,0,265,51,0,0,19,0.00175602,nan,nan0
0,0,265,51,0,0,19,0.00190497,nan,nan0
0,0,265,51,0,0,19,0.00252499,nan,nan0
0,0,265,51,0,0,19,0.00185645,nan,nan0
0,0,265,51,0,0,19,0.00181909,nan,nan0
0,0,265,51,0,0,19,0.00175591,nan,nan0
0,0,265,51,0,0,19,0.0023459,nan,nan0
0,0,268,52,1,0,20,0.00267671,nan,nan0
0,0,268,52,0,0,20,0.00380741,nan,nan0
0,0,268,52,0,0,20,0.00248877,nan,nan0
0,0,268,52,0,0,20,0.00183316,nan,nan0
0,0,268,52,0,0,20,0.00179465,nan,nan0
0,0,268,52,0,0,20,0.00226454,nan,nan0
0,0,268,52,0,0,20,0.00313506,nan,nan0
0,0,268,52,0,0,20,0.00179375,nan,nan0
0,0,268,52,0,0,20,0.00233744,nan,nan0
0,0,271,53,1,0,21,0.00227189,nan,nan0
0,0,271,53,0,0,21,0.00186012,nan,nan0
0,0,271,53,0,0,21,0.00230034,nan,nan0
0,0,271,53,0,0,21,0.00206966,nan,nan0
0,0,271,53,0,0,21,0.00291091,nan,nan0
0,0,271,53,0,0,21,0.00195169,nan,nan0
0,0,271,53,0,0,21,0.00177768,nan,nan0
0,0,271,53,0,0,21,0.00190737,nan,nan0
0,0,271,53,0,0,21,0.00229323,nan,nan0
0,0,271,53,0,0,21,0.00228125,nan,nan0
0,0,271,53,0,0,21,0.00180781,nan,nan0
0,0,271,53,0,0,21,0.001709,nan,nan0
0,0,271,53,0,0,21,0.00203591,nan,nan0
0,0,271,53,0,0,21,0.00247335,nan,nan0
0,0,271,53,0,0,21,0.00191124,nan,nan0
0,0,271,53,0,0,21,0.00195991,nan,nan0
0,0,271,53,0,0,21,0.00182809,nan,nan0
0,0,271,53,0,0,21,0.00224661,nan,nan0
0,0,271,53,0,0,21,0.00192529,nan,nan0
0,0,271,53,0,0,21,0.00257803,nan,nan0
0,0,271,53,0,0,21,0.00171684,nan,nan0
0,0,271,53,0,0,21,0.00247488,nan,nan0
0,0,271,53,0,0,21,0.00313199,nan,nan0
0,0,271,53,0,0,21,0.00202851,nan,nan0
0,0,271,53,0,0,21,0.00211758,nan,nan0
0,0,271,53,0,0,21,0.0018524,nan,nan0
0,0,271,53,0,0,21,0.00201935,nan,nan0
0,0,271,53,0,0,21,0.00207695,nan,nan0
0,0,271,53,0,0,21,0.00218406,nan,nan0
0,0,271,53,0,0,21,0.00237574,nan,nan0
0,0,271,53,0,0,21,0.00260764,nan,nan0
0,0,271,53,0,0,21,0.00204474,nan,nan0
0,0,271,53,0,0,21,0.00247765,nan,nan0
0,0,271,53,0,0,21,0.00315937,nan,nan0
0,0,271,53,0,0,21,0.00175868,nan,nan0
0,0,271,53,0,0,21,0.00205582,nan,nan0
0,0,271,53,0,0,21,0.00244959,nan,nan0
0,0,271,53,0,0,21,0.00187787,nan,nan0
0,0,271,53,0,0,21,0.00216574,nan,nan0
0,0,271,53,0,0,21,0.00196725,nan,nan0
0,0,271,53,0,0,21,0.00219318,nan,nan0
0,0,271,53,0,0,21,0.00198818,nan,nan0
0,0,271,53,0,0,21,0.00198323,nan,nan0
0,0,271,53,0,0,21,0.00191351,nan,nan0
0,0,271,53,0,0,21,0.00190991,nan,nan0
0,0,271,53,0,0,21,0.00206086,nan,nan0
0,0,271,53,0,0,21,0.00195158,nan,nan0
0,0,271,53,0,0,21,0.00225308,nan,nan0
0,0,271,53,0,0,21,0.00199179,nan,nan0
0,0,271,53,0,0,21,0.00215976,nan,nan0
0,0,271,53,0,0,21,0.00220891,nan,nan0
0,0,271,53,0,0,21,0.00207341,nan,nan0
0,0,271,53,0,0,21,0.00193951,nan,nan0
0,0,271,53,0,0,21,0.00195691,nan,nan0
0,0,271,53,0,0,21,0.00215768,nan,nan0
0,0,271,53,0,0,21,0.00188547,nan,nan0
0,0,271,53,0,0,21,0.00572743,nan,nan0
0,0,271,53,0,0,21,0.00183578,nan,nan0
0,0,271,53,0,0,21,0.00235688,nan,nan0
0,0,271,53,0,0,21,0.00214305,nan,nan0
0,0,271,53,0,0,21,0.00313379,nan,nan0
0,0,271,53,0,0,21,0.00266948,nan,nan0
0,0,271,53,0,0,21,0.00194513,nan,nan0
0,0,271,53,0,0,21,0.00287642,nan,nan0
0,0,271,53,0,0,21,0.00233109,nan,nan0
0,0,271,53,0,0,21,0.00227596,nan,nan0
0,0,271,53,0,0,21,0.0020614,nan,nan0
0,0,271,53,0,0,21,0.00208384,nan,nan0
0,0,271,53,0,0,21,0.00198852,nan,nan0
0,0,271,53,0,0,21,0.00198539,nan,nan0
0,0,271,53,0,0,21,0.00224369,nan,nan0
0,0,271,53,0,0,21,0.00338287,nan,nan0
0,0,271,53,0,0,21,0.00203861,nan,nan0
0,0,271,53,0,0,21,0.00260401,nan,nan0
0,0,271,53,0,0,21,0.00193687,nan,nan0
0,0,271,53,0,0,21,0.00212902,nan,nan0
0,0,271,53,0,0,21,0.00214609,nan,nan0
0,0,271,53,0,0,21,0.00230813,nan,nan0
0,0,271,53,0,0,21,0.00240201,nan,nan0
0,0,271,53,0,0,21,0.00244399,nan,nan0
0,0,271,53,0,0,21,0.00198344,nan,nan0
0,0,271,53,0,0,21,0.00195639,nan,nan0
0,0,271,53,0,0,21,0.00443914,nan,nan0
0,0,271,53,0,0,21,0.00247405,nan,nan0
0,0,271,53,0,0,21,0.00212923,nan,nan0
0,0,271,53,0,0,21,0.00194602,nan,nan0
0,0,271,53,0,0,21,0.00214013,nan,nan0
0,0,271,53,0,0,21,0.00215658,nan,nan0
0,0,271,53,0,0,21,0.00205991,nan,nan0
0,0,271,53,0,0,21,0.00267193,nan,nan0
0,0,271,53,0,0,21,0.00219779,nan,nan0
0,0,271,53,0,0,21,0.00221172,nan,nan0
0,0,271,53,0,0,21,0.00194426,nan,nan0
0,0,271,53,0,0,21,0.00286598,nan,nan0
0,0,271,53,0,0,21,0.00264673,nan,nan0
0,0,271,53,0,0,21,0.00218342,nan,nan0
0,0,271,53,0,0,21,0.00215369,nan,nan0
0,0,271,53,0,0,21,0.00191478,nan,nan0
0,0,271,53,0,0,21,0.00215533,nan,nan0
0,0,271,53,0,0,21,0.00192256,nan,nan0
0,0,271,53,0,0,21,0.00176119,nan,nan0
0,0,271,53,0,0,21,0.00275837,nan,nan0
0,0,271,53,0,0,21,0.00241208,nan,nan0
0,0,271,53,0,0,21,0.00248551,nan,nan0
0,0,271,53,0,0,21,0.00198086,nan,nan0
0,0,271,53,0,0,21,0.00292094,nan,nan0
0,0,271,53,0,0,21,0.00214584,nan,nan0
0,0,271,53,0,0,21,0.00219945,nan,nan0
0,0,271,53,0,0,21,0.00249924,nan,nan0
0,0,271,53,0,0,21,0.00269229,nan,nan0
0,0,271,53,0,0,21,0.00210066,nan,nan0
0,0,271,53,0,0,21,0.00217764,nan,nan0
0,0,271,53,0,0,21,0.00385306,nan,nan0
0,0,271,53,0,0,21,0.00248593,nan,nan0
0,0,271,53,0,0,21,0.00206078,nan,nan0
0,0,271,53,0,0,21,0.00237857,nan,nan0
0,0,271,53,0,0,21,0.00226031,nan,nan0
0,0,271,53,0,0,21,0.0024269,nan,nan0
0,0,271,53,0,0,21,0.0031399,nan,nan0
0,0,271,53,0,0,21,0.00249075,nan,nan0
0,0,271,53,0,0,21,0.00207511,nan,nan0
0,0,271,53,0,0,21,0.0021899,nan,nan0
0,0,271,53,0,0,21,0.00218064,nan,nan0
0,0,271,53,0,0,21,0.00218215,nan,nan0
0,0,271,53,0,0,21,0.00256828,nan,nan0
0,0,271,53,0,0,21,0.00279692,nan,nan0
0,0,271,53,0,0,21,0.00228787,nan,nan0
0,0,271,53,0,0,21,0.00254622,nan,nan0
0,0,271,53,0,0,21,0.00219811,nan,nan0
0,0,271,53,0,0,21,0.00221429,nan,nan0
0,0,271,53,0,0,21,0.00209526,nan,nan0
0,0,271,53,0,0,21,0.00208783,nan,nan0
0,0,271,53,0,0,21,0.00210023,nan,nan0
0,0,271,53,0,0,21,0.00248646,nan,nan0
0,0,271,53,0,0,21,0.00255337,nan,nan0
0,0,271,53,0,0,21,0.00228166,nan,nan0
0,0,271,53,0,0,21,0.00300279,nan,nan0
0,0,271,53,0,0,21,0.0030039,nan,nan0
0,0,271,53,0,0,21,0.00242259,nan,nan0
0,0,271,53,0,0,21,0.00303264,nan,nan0
0,0,271,53,0,0,21,0.00235796,nan,nan0
0,0,271,53,0,0,21,0.00230209,nan,nan0
0,0,271,53,0,0,21,0.00215935,nan,nan0
0,0,271,53,0,0,21,0.00208903,nan,nan0
0,0,271,53,0,0,21,0.00238313,nan,nan0
0,0,271,53,0,0,21,0.00224344,nan,nan0
0,0,271,53,0,0,21,0.0021499,nan,nan0
0,0,271,53,0,0,21,0.00209583,nan,nan0
0,0,271,53,0,0,21,0.00217351,nan,nan0
0,0,271,53,0,0,21,0.00253213,nan,nan0
0,0,271,53,0,0,21,0.00231338,nan,nan0
0,0,271,53,0,0,21,0.00405806,nan,nan0
0,0,271,53,0,0,21,0.00313563,nan,nan0
0,0,271,53,0,0,21,0.00312925,nan,nan0
0,0,271,53,0,0,21,0.00276819,nan,nan0
0,0,271,53,0,0,21,0.00338945,nan,nan0
0,0,271,53,0,0,21,0.00216286,nan,nan0
0,0,271,53,0,0,21,0.00293881,nan,nan0
0,0,271,53,0,0,21,0.00258658,nan,nan0
0,0,271,53,0,0,21,0.00216471,nan,nan0
0,0,271,53,0,0,21,0.0021714,nan,nan0
0,0,271,53,0,0,21,0.00233919,nan,nan0
0,0,271,53,0,0,21,0.00432178,nan,nan0
0,0,271,53,0,0,21,0.00255528,nan,nan0
0,0,271,53,0,0,21,0.00218658,nan,nan0
0,0,271,53,0,0,21,0.00223248,nan,nan0
0,0,271,53,0,0,21,0.00252589,nan,nan0
0,0,271,53,0,0,21,0.00234592,nan,nan0
0,0,271,53,0,0,21,0.00204204,nan,nan0
0,0,271,53,0,0,21,0.00292084,nan,nan0
0,0,271,53,0,0,21,0.00225585,nan,nan0
0,0,271,53,0,0,21,0.00268639,nan,nan0
0,0,271,53,0,0,21,0.00327529,nan,nan0
0,0,271,53,0,0,21,0.00327559,nan,nan0
0,0,271,53,0,0,21,0.0021485,nan,nan0
0,0,271,53,0,0,21,0.00247327,nan,nan0
0,0,271,53,0,0,21,0.00237654,nan,nan0
0,0,274,54,1,0,22,0.00416054,nan,nan0
0,0,274,54,0,0,22,0.0021735,nan,nan0
0,0,274,54,0,0,22,0.00217867,nan,nan0
0,0,274,54,0,0,22,0.00254092,nan,nan0
0,0,274,54,0,0,22,0.00290289,nan,nan0
0,0,274,54,0,0,22,0.00254396,nan,nan0
0,0,274,54,0,0,22,0.00221348,nan,nan0
0,0,274,54,0,0,22,0.00320152,nan,nan0
0,0,274,54,0,0,22,0.00213405,nan,nan0
0,0,274,54,0,0,22,0.00229968,nan,nan0
0,0,274,54,0,0,22,0.00220714,nan,nan0
0,0,274,54,0,0,22,0.00255729,nan,nan0
0,0,274,54,0,0,22,0.00220785,nan,nan0
0,0,274,54,0,0,22,0.00286001,nan,nan0
0,0,274,54,0,0,22,0.00272245,nan,nan0
0,0,274,54,0,0,22,0.0027013,nan,nan0
0,0,274,54,0,0,22,0.00321615,nan,nan0
0,0,274,54,0,0,22,0.00231989,nan,nan0
0,0,274,54,0,0,22,0.00210852,nan,nan0
0,0,274,54,0,0,22,0.00258984,nan,nan0
0,0,274,54,0,0,22,0.00238571,nan,nan0
0,0,274,54,0,0,22,0.00238367,nan,nan0
0,0,274,54,0,0,22,0.00241442,nan,nan0
0,0,274,54,0,0,22,0.00282648,nan,nan0
0,0,274,54,0,0,22,0.00233682,nan,nan0
0,0,274,54,0,0,22,0.00341237,nan,nan0
0,0,274,54,0,0,22,0.00360712,nan,nan0
0,0,274,54,0,0,22,0.00349697,nan,nan0
0,0,274,54,0,0,22,0.00219839,nan,nan0
0,0,274,54,0,0,22,0.00232256,nan,nan0
0,0,274,54,0,0,22,0.00388704,nan,nan0
0,0,274,54,0,0,22,0.00249321,nan,nan0
0,0,274,54,0,0,22,0.00231343,nan,nan0
0,0,274,54,0,0,22,0.0029895,nan,nan0
0,0,274,54,0,0,22,0.0023712,nan,nan0
0,0,274,54,0,0,22,0.00232947,nan,nan0
0,0,274,54,0,0,22,0.00332636,nan,nan0
0,0,274,54,0,0,22,0.00282663,nan,nan0
0,0,274,54,0,0,22,0.00239243,nan,nan0
0,0,274,54,0,0,22,0.00292374,nan,nan0
0,0,274,54,0,0,22,0.00241165,nan,nan0
0,0,274,54,0,0,22,0.0030484,nan,nan0
0,0,274,54,0,0,22,0.00250593,nan,nan0
0,0,274,54,0,0,22,0.00254895,nan,nan0
0,0,274,54,0,0,22,0.00210574,nan,nan0
0,0,274,54,0,0,22,0.00232845,nan,nan0
0,0,274,54,0,0,22,0.00248334,nan,nan0
0,0,274,54,0,0,22,0.00208378,nan,nan0
0,0,274,54,0,0,22,0.00276793,nan,nan0
0,0,274,54,0,0,22,0.00253774,nan,nan0
0,0,274,54,0,0,22,0.00370181,nan,nan0
0,0,274,54,0,0,22,0.0025724,nan,nan0
0,0,274,54,0,0,22,0.0028292,nan,nan0
0,0,274,54,0,0,22,0.00236445,nan,nan0
0,0,274,54,0,0,22,0.0026115,nan,nan0
0,0,274,54,0,0,22,0.00241144,nan,nan0
0,0,274,54,0,0,22,0.00290437,nan,nan0
0,0,274,54,0,0,22,0.00253069,nan,nan0
0,0,274,54,0,0,22,0.0022953,nan,nan0
0,0,274,54,0,0,22,0.0031349,nan,nan0
0,0,274,54,0,0,22,0.00218828,nan,nan0
0,0,274,54,0,0,22,0.00260106,nan,nan0
0,0,277,55,1,0,23,0.00315202,nan,nan0
0,0,277,55,0,0,23,0.002437,nan,nan0
0,0,277,55,0,0,23,0.00227631,nan,nan0
0,0,277,55,0,0,23,0.00241352,nan,nan0
0,0,277,55,0,0,23,0.00294023,nan,nan0
0,0,277,55,0,0,23,0.00255891,nan,nan0
0,0,277,55,0,0,23,0.00233742,nan,nan0
0,0,277,55,0,0,23,0.00276596,nan,nan0
0,0,277,55,0,0,23,0.00254154,nan,nan0
0,0,277,55,0,0,23,0.00238101,nan,nan0
0,0,277,55,0,0,23,0.00233664,nan,nan0
0,0,277,55,0,0,23,0.002308,nan,nan0
0,0,277,55,0,0,23,0.00243233,nan,nan0
0,0,277,55,0,0,23,0.00226686,nan,nan0
0,0,277,55,0,0,23,0.00230507,nan,nan0
0,0,285,57,8,8,23,0.00350059,nan,nan0
0,0,285,57,0,0,23,0.00304166,nan,nan0
0,0,285,57,0,0,23,0.00325936,nan,nan0
0,0,285,57,0,0,23,0.00436425,nan,nan0
0,0,285,57,0,0,23,0.00245305,nan,nan0
0,0,285,57,0,0,23,0.00377052,nan,nan0
0,0,285,57,0,0,23,0.00229922,nan,nan0
0,0,285,57,0,0,23,0.00301812,nan,nan0
0,0,290,58,1,0,24,0.00249436,nan,nan0
0,0,290,58,0,0,24,0.00335268,nan,nan0
0,0,290,58,0,0,24,0.00234897,nan,nan0
0,0,290,58,0,0,24,0.00249524,nan,nan0
0,0,290,58,0,0,24,0.00266662,nan,nan0
0,0,290,58,0,0,24,0.00263011,nan,nan0
0,0,290,58,0,0,24,0.0031572,nan,nan0
0,0,290,58,0,0,24,0.00252996,nan,nan0
0,0,290,58,0,0,24,0.00302629,nan,nan0
0,0,290,58,0,0,24,0.00297583,nan,nan0
0,0,290,58,0,0,24,0.00247473,nan,nan0
0,0,290,58,0,0,24,0.00260241,nan,nan0
0,0,290,58,0,0,24,0.00290109,nan,nan0
0,0,290,58,0,0,24,0.00250741,nan,nan0
0,0,290,58,0,0,24,0.00280043,nan,nan0
0,0,290,58,0,0,24,0.00237458,nan,nan0
0,0,290,58,0,0,24,0.00299569,nan,nan0
0,0,290,58,0,0,24,0.00487044,nan,nan0
0,0,290,58,0,0,24,0.00252164,nan,nan0
0,0,290,58,0,0,24,0.00258238,nan,nan0
0,0,290,58,0,0,24,0.00274797,nan,nan0
0,0,290,58,0,0,24,0.00302973,nan,nan0
0,0,290,58,0,0,24,0.00270469,nan,nan0
0,0,290,58,0,0,24,0.00349299,nan,nan0
0,0,290,58,0,0,24,0.00236072,nan,nan0
0,0,290,58,0,0,24,0.00263024,nan,nan0
0,0,290,58,0,0,24,0.00318503,nan,nan0
0,0,290,58,0,0,24,0.00283811,nan,nan0
0,0,290,58,0,0,24,0.00247012,nan,nan0
0,0,290,58,0,0,24,0.00318342,nan,nan0
0,0,290,58,0,0,24,0.00357022,nan,nan0
0,0,290,58,0,0,24,0.0033033,nan,nan0
0,0,290,58,0,0,24,0.00272734,nan,nan0
0,0,290,58,0,0,24,0.00349211,nan,nan0
0,0,290,58,0,0,24,0.00334048,nan,nan0
0,0,290,58,0,0,24,0.00261386,nan,nan0
0,0,290,58,0,0,24,0.00249494,nan,nan0
0,0,290,58,0,0,24,0.00265308,nan,nan0
0,0,290,58,0,0,24,0.00254925,nan,nan0
0,0,290,58,0,0,24,0.00351252,nan,nan0
0,0,290,58,0,0,24,0.00253111,nan,nan0
0,0,290,58,0,0,24,0.00339616,nan,nan0
0,0,290,58,0,0,24,0.00284903,nan,nan0
0,0,290,58,0,0,24,0.00264237,nan,nan0
0,0,290,58,0,0,24,0.00284019,nan,nan0
0,0,290,58,0,0,24,0.00304785,nan,nan0
0,0,290,58,0,0,24,0.00264429,nan,nan0
0,0,290,58,0,0,24,0.00252691,nan,nan0
0,0,290,58,0,0,24,0.00315915,nan,nan0
0,0,290,58,0,0,24,0.00247191,nan,nan0
0,0,290,58,0,0,24,0.00255537,nan,nan0
0,0,290,58,0,0,24,0.00262822,nan,nan0
0,0,290,58,0,0,24,0.00305756,nan,nan0
0,0,290,58,0,0,24,0.00296909,nan,nan0
0,0,290,58,0,0,24,0.00264484,nan,nan0
0,0,290,58,0,0,24,0.00272017,nan,nan0
0,0,290,58,0,0,24,0.00325008,nan,nan0
0,0,290,58,0,0,24,0.0028913,nan,nan0
0,0,290,58,0,0,24,0.00268631,nan,nan0
0,0,290,58,0,0,24,0.00260902,nan,nan0
0,0,290,58,0,0,24,0.004017,nan,nan0
0,0,290,58,0,0,24,0.00241031,nan,nan0
0,0,290,58,0,0,24,0.00324572,nan,nan0
0,0,290,58,0,0,24,0.00276428,nan,nan0
0,0,290,58,0,0,24,0.00294294,nan,nan0
0,0,290,58,0,0,24,0.00322669,nan,nan0
0,0,290,58,0,0,24,0.00336646,nan,nan0
0,0,290,58,0,0,24,0.00360642,nan,nan0
0,0,290,58,0,0,24,0.00279555,nan,nan0
0,0,290,58,0,0,24,0.00303426,nan,nan0
0,0,290,58,0,0,24,0.00266594,nan,nan0
0,0,290,58,0,0,24,0.0029243,nan,nan0
0,0,290,58,0,0,24,0.00318769,nan,nan0
0,0,290,58,0,0,24,0.00246898,nan,nan0
0,0,290,58,0,0,24,0.0030514,nan,nan0
0,0,290,58,0,0,24,0.0026747,nan,nan0
0,0,290,58,0,0,24,0.00284551,nan,nan0
0,0,295,59,1,0,25,0.00301207,nan,nan0
0,0,295,59,0,0,25,0.00410493,nan,nan0
0,0,295,59,0,0,25,0.00273232,nan,nan0
0,0,295,59,0,0,25,0.00347833,nan,nan0
0,0,295,59,0,0,25,0.00337282,nan,nan0
0,0,295,59,0,0,25,0.00327284,nan,nan0
0,0,295,59,0,0,25,0.00290697,nan,nan0
0,0,295,59,0,0,25,0.00264695,nan,nan0
0,0,295,59,0,0,25,0.00261725,nan,nan0
0,0,295,59,0,0,25,0.00289446,nan,nan0
0,0,295,59,0,0,25,0.00254038,nan,nan0
0,0,295,59,0,0,25,0.0059821,nan,nan0
0,0,295,59,0,0,25,0.00291905,nan,nan0
0,0,295,59,0,0,25,0.00402137,nan,nan0
0,0,295,59,0,0,25,0.00273224,nan,nan0
0,0,295,59,0,0,25,0.00271958,nan,nan0
0,0,295,59,0,0,25,0.00255579,nan,nan0
0,0,295,59,0,0,25,0.00367885,nan,nan0
0,0,295,59,0,0,25,0.00288703,nan,nan0
0,0,295,59,0,0,25,0.00510144,nan,nan0
0,0,295,59,0,0,25,0.00369415,nan,nan0
0,0,295,59,0,0,25,0.00278025,nan,nan0
0,0,295,59,0,0,25,0.00351294,nan,nan0
0,0,295,59,0,0,25,0.00290198,nan,nan0
0,0,295,59,0,0,25,0.0026276,nan,nan0
0,0,295,59,0,0,25,0.0026992,nan,nan0
0,0,295,59,0,0,25,0.00268013,nan,nan0
0,0,295,59,0,0,25,0.00268328,nan,nan0
0,0,295,59,0,0,25,0.00256821,nan,nan0
0,0,295,59,0,0,25,0.00295305,nan,nan0
0,0,295,59,0,0,25,0.00298927,nan,nan0
0,0,295,59,0,0,25,0.003131,nan,nan0
0,0,295,59,0,0,25,0.00267468,nan,nan0
0,0,295,59,0,0,25,0.00297787,nan,nan0
0,0,295,59,0,0,25,0.00276135,nan,nan0
0,0,301,61,6,6,25,0.00422926,nan,nan0
0,0,309,63,8,8,25,0.00566671,nan,nan0
0,0,309,63,0,0,25,0.00337497,nan,nan0
0,0,319,65,10,10,25,0.0025207,nan,nan0
0,0,319,65,0,0,25,0.00270206,nan,nan0
0,0,319,65,0,0,25,0.0035395,nan,nan0
0,0,344,70,17,16,26,0.00351368,nan,nan0
0,0,344,70,0,0,26,0.0030628,nan,nan0
0,0,344,70,0,0,26,0.00260835,nan,nan0
0,0,344,70,0,0,26,0.00328104,nan,nan0
0,0,344,70,0,0,26,0.00293786,nan,nan0
0,0,344,70,0,0,26,0.00359117,nan,nan0
0,0,344,70,0,0,26,0.00342665,nan,nan0
0,0,344,70,0,0,26,0.00323023,nan,nan0
0,0,344,70,0,0,26,0.00306449,nan,nan0
0,0,344,70,0,0,26,0.00456965,nan,nan0
0,0,344,70,0,0,26,0.00282815,nan,nan0
0,0,344,70,0,0,26,0.00305788,nan,nan0
0,0,344,70,0,0,26,0.0029573,nan,nan0
0,0,344,70,0,0,26,0.00308748,nan,nan0
0,0,344,70,0,0,26,0.0026912,nan,nan0
0,0,344,70,0,0,26,0.00289178,nan,nan0
0,0,344,70,0,0,26,0.00259244,nan,nan0
0,0,344,70,0,0,26,0.00477049,nan,nan0
0,0,344,70,0,0,26,0.00287539,nan,nan0
0,0,344,70,0,0,26,0.00364928,nan,nan0
0,0,344,70,0,0,26,0.00302703,nan,nan0
0,0,344,70,0,0,26,0.00295899,nan,nan0
0,0,344,70,0,0,26,0.00298373,nan,nan0
0,0,344,70,0,0,26,0.00300227,nan,nan0
0,0,344,70,0,0,26,0.00843491,nan,nan0
0,0,344,70,0,0,26,0.00324202,nan,nan0
0,0,344,70,0,0,26,0.00353214,nan,nan0
0,0,344,70,0,0,26,0.00283824,nan,nan0
0,0,344,70,0,0,26,0.00308597,nan,nan0
0,0,344,70,0,0,26,0.0026354,nan,nan0
0,0,344,70,0,0,26,0.00336143,nan,nan0
0,0,344,70,0,0,26,0.00250853,nan,nan0
0,0,344,70,0,0,26,0.0030535,nan,nan0
0,0,344,70,0,0,26,0.00275381,nan,nan0
0,0,344,70,0,0,26,0.00292361,nan,nan0
0,0,344,70,0,0,26,0.00328909,nan,nan0
0,0,344,70,0,0,26,0.00373234,nan,nan0
0,0,344,70,0,0,26,0.00285798,nan,nan0
0,0,344,70,0,0,26,0.00300514,nan,nan0
0,0,344,70,0,0,26,0.00356623,nan,nan0
0,0,344,70,0,0,26,0.00273695,nan,nan0
0,0,344,70,0,0,26,0.00272864,nan,nan0
0,0,344,70,0,0,26,0.00297064,nan,nan0
0,0,344,70,0,0,26,0.00299127,nan,nan0
0,0,344,70,0,0,26,0.00271106,nan,nan0
0,0,344,70,0,0,26,0.00281784,nan,nan0
0,0,344,70,0,0,26,0.0026303,nan,nan0
0,0,344,70,0,0,26,0.00287593,nan,nan0
0,0,344,70,0,0,26,0.00297156,nan,nan0
0,0,344,70,0,0,26,0.00304018,nan,nan0
0,0,344,70,0,0,26,0.00281285,nan,nan0
0,0,344,70,0,0,26,0.00294906,nan,nan0
0,0,344,70,0,0,26,0.00375623,nan,nan0
0,0,344,70,0,0,26,0.00264673,nan,nan0
0,0,344,70,0,0,26,0.00280272,nan,nan0
0,0,344,70,0,0,26,0.00323391,nan,nan0
0,0,353,71,1,0,27,0.00290865,nan,nan0
0,0,353,71,0,0,27,0.0025982,nan,nan0
0,0,353,71,0,0,27,0.00301433,nan,nan0
0,0,353,71,0,0,27,0.00361198,nan,nan0
0,0,353,71,0,0,27,0.00278941,nan,nan0
0,0,353,71,0,0,27,0.00537631,nan,nan0
0,0,353,71,0,0,27,0.00278825,nan,nan0
0,0,353,71,0,0,27,0.00377417,nan,nan0
0,0,353,71,0,0,27,0.00331258,nan,nan0
0,0,362,72,1,0,28,0.00338672,nan,nan0
0,0,362,72,0,0,28,0.00316188,nan,nan0
0,0,362,72,0,0,28,0.00311922,nan,nan0
0,0,362,72,0,0,28,0.00339574,nan,nan0
0,0,362,72,0,0,28,0.00266884,nan,nan0
0,0,362,72,0,0,28,0.00291144,nan,nan0
0,0,362,72,0,0,28,0.00297907,nan,nan0
0,0,362,72,0,0,28,0.00279679,nan,nan0
0,0,362,72,0,0,28,0.00420506,nan,nan0
0,0,362,72,0,0,28,0.00280218,nan,nan0
0,0,362,72,0,0,28,0.00330845,nan,nan0
0,0,362,72,0,0,28,0.00326337,nan,nan0
0,0,362,72,0,0,28,0.00338641,nan,nan0
0,0,362,72,0,0,28,0.00304917,nan,nan0
0,0,362,72,0,0,28,0.00382967,nan,nan0
0,0,362,72,0,0,28,0.00249991,nan,nan0
0,0,362,72,0,0,28,0.00284855,nan,nan0
0,0,362,72,0,0,28,0.00330261,nan,nan0
0,0,362,72,0,0,28,0.00380407,nan,nan0
0,0,362,72,0,0,28,0.00298578,nan,nan0
0,0,362,72,0,0,28,0.00292893,nan,nan0
0,0,362,72,0,0,28,0.00390054,nan,nan0
0,0,362,72,0,0,28,0.00274131,nan,nan0
0,0,362,72,0,0,28,0.00270238,nan,nan0
0,0,362,72,0,0,28,0.00328418,nan,nan0
0,0,362,72,0,0,28,0.00334128,nan,nan0
0,0,362,72,0,0,28,0.00286959,nan,nan0
0,0,362,72,0,0,28,0.00285594,nan,nan0
0,0,362,72,0,0,28,0.00407569,nan,nan0
0,0,362,72,0,0,28,0.00256105,nan,nan0
0,0,362,72,0,0,28,0.00308359,nan,nan0
0,0,362,72,0,0,28,0.0029347,nan,nan0
0,0,362,72,0,0,28,0.00310321,nan,nan0
0,0,362,72,0,0,28,0.00284663,nan,nan0
0,0,362,72,0,0,28,0.00310512,nan,nan0
0,0,362,72,0,0,28,0.00304448,nan,nan0
0,0,362,72,0,0,28,0.00769913,nan,nan0
0,0,362,72,0,0,28,0.00328286,nan,nan0
0,0,362,72,0,0,28,0.0033588,nan,nan0
0,0,362,72,0,0,28,0.00356397,nan,nan0
0,0,362,72,0,0,28,0.00429141,nan,nan0
0,0,362,72,0,0,28,0.00299479,nan,nan0
0,0,362,72,0,0,28,0.00322766,nan,nan0
0,0,362,72,0,0,28,0.00287809,nan,nan0
0,0,362,72,0,0,28,0.00305083,nan,nan0
0,0,362,72,0,0,28,0.0029317,nan,nan0
0,0,362,72,0,0,28,0.00298747,nan,nan0
0,0,362,72,0,0,28,0.00284882,nan,nan0
0,0,371,73,1,0,29,0.00350236,nan,nan0
0,0,371,73,0,0,29,0.00320549,nan,nan0
0,0,371,73,0,0,29,0.00317631,nan,nan0
0,0,371,73,0,0,29,0.00271453,nan,nan0
0,0,377,75,6,6,29,0.00375244,nan,nan0
0,0,377,75,0,0,29,0.00339477,nan,nan0
0,0,377,75,0,0,29,0.00316276,nan,nan0
0,0,377,75,0,0,29,0.00301262,nan,nan0
0,0,377,75,0,0,29,0.00310301,nan,nan0
0,0,377,75,0,0,29,0.00411706,nan,nan0
0,0,377,75,0,0,29,0.00286066,nan,nan0
0,0,377,75,0,0,29,0.00289105,nan,nan0
0,0,377,75,0,0,29,0.00301084,nan,nan0
0,0,377,75,0,0,29,0.00280794,nan,nan0
0,0,377,75,0,0,29,0.00290656,nan,nan0
0,0,377,75,0,0,29,0.00311972,nan,nan0
0,0,377,75,0,0,29,0.00283178,nan,nan0
0,0,377,75,0,0,29,0.00305899,nan,nan0
0,0,377,75,0,0,29,0.00281942,nan,nan0
0,0,377,75,0,0,29,0.00348626,nan,nan0
0,0,377,75,0,0,29,0.00474329,nan,nan0
0,0,377,75,0,0,29,0.00333589,nan,nan0
0,0,377,75,0,0,29,0.00305867,nan,nan0
0,0,377,75,0,0,29,0.00314224,nan,nan0
0,0,377,75,0,0,29,0.00345493,nan,nan0
0,0,377,75,0,0,29,0.00276431,nan,nan0
0,0,377,75,0,0,29,0.00416007,nan,nan0
0,0,377,75,0,0,29,0.00341782,nan,nan0
0,0,377,75,0,0,29,0.00346112,nan,nan0
0,0,377,75,0,0,29,0.00329131,nan,nan0
0,0,377,75,0,0,29,0.00313733,nan,nan0
0,0,377,75,0,0,29,0.00293114,nan,nan0
0,0,377,75,0,0,29,0.00317542,nan,nan0
0,0,377,75,0,0,29,0.00290265,nan,nan0
0,0,377,75,0,0,29,0.00309911,nan,nan0
0,0,377,75,0,0,29,0.00289638,nan,nan0
0,0,377,75,0,0,29,0.00419226,nan,nan0
0,0,377,75,0,0,29,0.00318998,nan,nan0
0,0,377,75,0,0,29,0.00328397,nan,nan0
0,0,377,75,0,0,29,0.00306216,nan,nan0
0,0,377,75,0,0,29,0.00299638,nan,nan0
0,0,377,75,0,0,29,0.00255351,nan,nan0
0,0,377,75,0,0,29,0.00311096,nan,nan0
0,0,377,75,0,0,29,0.0029704,nan,nan0
0,0,377,75,0,0,29,0.00299421,nan,nan0
0,0,377,75,0,0,29,0.00304201,nan,nan0
0,0,377,75,0,0,29,0.00303506,nan,nan0
0,0,377,75,0,0,29,0.00422011,nan,nan0
0,0,377,75,0,0,29,0.00374953,nan,nan0
0,0,377,75,0,0,29,0.0032394,nan,nan0
0,0,377,75,0,0,29,0.00295769,nan,nan0
0,0,377,75,0,0,29,0.00349365,nan,nan0
0,0,377,75,0,0,29,0.00291652,nan,nan0
0,0,377,75,0,0,29,0.00300418,nan,nan0
0,0,377,75,0,0,29,0.00310859,nan,nan0
0,0,377,75,0,0,29,0.00375523,nan,nan0
0,0,377,75,0,0,29,0.00291541,nan,nan0
0,0,377,75,0,0,29,0.00303981,nan,nan0
0,0,377,75,0,0,29,0.00284501,nan,nan0
0,0,377,75,0,0,29,0.00277398,nan,nan0
0,0,377,75,0,0,29,0.00323335,nan,nan0
0,0,377,75,0,0,29,0.00344037,nan,nan0
0,0,377,75,0,0,29,0.00341453,nan,nan0
0,0,377,75,0,0,29,0.00405411,nan,nan0
0,0,377,75,0,0,29,0.00304467,nan,nan0
0,0,377,75,0,0,29,0.00308018,nan,nan0
0,0,377,75,0,0,29,0.00405841,nan,nan0
0,0,377,75,0,0,29,0.00375555,nan,nan0
0,0,377,75,0,0,29,0.00315642,nan,nan0
0,0,377,75,0,0,29,0.00323721,nan,nan0
0,0,377,75,0,0,29,0.00320959,nan,nan0
0,0,377,75,0,0,29,0.00345706,nan,nan0
0,0,377,75,0,0,29,0.0028397,nan,nan0
0,0,377,75,0,0,29,0.00307699,nan,nan0
0,0,377,75,0,0,29,0.00304625,nan,nan0
0,0,377,75,0,0,29,0.00326436,nan,nan0
0,0,377,75,0,0,29,0.00348312,nan,nan0
0,0,377,75,0,0,29,0.00317181,nan,nan0
0,0,377,75,0,0,29,0.0032949,nan,nan0
0,0,377,75,0,0,29,0.00328129,nan,nan0
0,0,377,75,0,0,29,0.00291422,nan,nan0
0,0,377,75,0,0,29,0.00309586,nan,nan0
0,0,377,75,0,0,29,0.00308095,nan,nan0
0,0,377,75,0,0,29,0.00303097,nan,nan0
0,0,377,75,0,0,29,0.00286686,nan,nan0
0,0,377,75,0,0,29,0.00333425,nan,nan0
0,0,377,75,0,0,29,0.00325668,nan,nan0
0,0,377,75,0,0,29,0.00287073,nan,nan0
0,0,377,75,0,0,29,0.00326664,nan,nan0
0,0,377,75,0,0,29,0.00321862,nan,nan0
0,0,377,75,0,0,29,0.00526113,nan,nan0
0,0,377,75,0,0,29,0.00353056,nan,nan0
0,0,377,75,0,0,29,0.00426349,nan,nan0
0,0,377,75,0,0,29,0.00332975,nan,nan0
0,0,377,75,0,0,29,0.00326949,nan,nan0
0,0,377,75,0,0,29,0.00321795,nan,nan0
0,0,377,75,0,0,29,0.0035492,nan,nan0
0,0,377,75,0,0,29,0.0031488,nan,nan0
0,0,377,75,0,0,29,0.00327583,nan,nan0
0,0,377,75,0,0,29,0.0031362,nan,nan0
0,0,377,75,0,0,29,0.00315147,nan,nan0
0,0,377,75,0,0,29,0.00343144,nan,nan0
0,0,377,75,0,0,29,0.00306275,nan,nan0
0,0,377,75,0,0,29,0.0032163,nan,nan0
0,0,377,75,0,0,29,0.00506689,nan,nan0
0,0,377,75,0,0,29,0.00311703,nan,nan0
0,0,377,75,0,0,29,0.00312049,nan,nan0
0,0,377,75,0,0,29,0.00304136,nan,nan0
0,0,377,75,0,0,29,0.00349321,nan,nan0
0,0,377,75,0,0,29,0.00328248,nan,nan0
0,0,377,75,0,0,29,0.00318705,nan,nan0
0,0,377,75,0,0,29,0.00313077,nan,nan0
0,0,377,75,0,0,29,0.00500124,nan,nan0
0,0,377,75,0,0,29,0.00313491,nan,nan0
0,0,377,75,0,0,29,0.00357853,nan,nan0
0,0,377,75,0,0,29,0.00288792,nan,nan0
0,0,377,75,0,0,29,0.00344629,nan,nan0
0,0,377,75,0,0,29,0.00376547,nan,nan0
0,0,377,75,0,0,29,0.00299129,nan,nan0
0,0,377,75,0,0,29,0.0029386,nan,nan0
0,0,377,75,0,0,29,0.00341229,nan,nan0
0,0,377,75,0,0,29,0.0034288,nan,nan0
0,0,377,75,0,0,29,0.00295886,nan,nan0
0,0,377,75,0,0,29,0.004154,nan,nan0
0,0,377,75,0,0,29,0.00297723,nan,nan0
0,0,377,75,0,0,29,0.00315147,nan,nan0
0,0,377,75,0,0,29,0.0042094,nan,nan0
0,0,377,75,0,0,29,0.00344169,nan,nan0
0,0,377,75,0,0,29,0.00337768,nan,nan0
0,0,377,75,0,0,29,0.00293577,nan,nan0
0,0,377,75,0,0,29,0.00321368,nan,nan0
0,0,377,75,0,0,29,0.00321969,nan,nan0
0,0,377,75,0,0,29,0.00301057,nan,nan0
0,0,377,75,0,0,29,0.00403856,nan,nan0
0,0,377,75,0,0,29,0.00295069,nan,nan0
0,0,377,75,0,0,29,0.00386145,nan,nan0
0,0,377,75,0,0,29,0.0037453,nan,nan0
0,0,377,75,0,0,29,0.00330366,nan,nan0
0,0,377,75,0,0,29,0.00303113,nan,nan0
0,0,377,75,0,0,29,0.00301894,nan,nan0
0,0,377,75,0,0,29,0.00326963,nan,nan0
0,0,377,75,0,0,29,0.00328308,nan,nan0
0,0,377,75,0,0,29,0.00377949,nan,nan0
0,0,377,75,0,0,29,0.00339369,nan,nan0
0,0,377,75,0,0,29,0.00313822,nan,nan0
0,0,377,75,0,0,29,0.00349994,nan,nan0
0,0,377,75,0,0,29,0.00301933,nan,nan0
0,0,377,75,0,0,29,0.00335362,nan,nan0
0,0,377,75,0,0,29,0.00368183,nan,nan0
0,0,377,75,0,0,29,0.003265,nan,nan0
0,0,377,75,0,0,29,0.00596906,nan,nan0
0,0,377,75,0,0,29,0.00297257,nan,nan0
0,0,377,75,0,0,29,0.00308393,nan,nan0
0,0,377,75,0,0,29,0.0029302,nan,nan0
0,0,377,75,0,0,29,0.00323919,nan,nan0
0,0,377,75,0,0,29,0.00345554,nan,nan0
0,0,377,75,0,0,29,0.00343417,nan,nan0
0,0,377,75,0,0,29,0.0041897,nan,nan0
0,0,377,75,0,0,29,0.00383604,nan,nan0
0,0,377,75,0,0,29,0.00335691,nan,nan0
0,0,377,75,0,0,29,0.00344469,nan,nan0
0,0,377,75,0,0,29,0.00280223,nan,nan0
0,0,377,75,0,0,29,0.00396248,nan,nan0
0,0,377,75,0,0,29,0.0031227,nan,nan0
0,0,377,75,0,0,29,0.00328631,nan,nan0
0,0,377,75,0,0,29,0.00339366,nan,nan0
0,0,377,75,0,0,29,0.00303333,nan,nan0
0,0,377,75,0,0,29,0.00357859,nan,nan0
0,0,377,75,0,0,29,0.0032665,nan,nan0
0,0,377,75,0,0,29,0.00304502,nan,nan0
0,0,377,75,0,0,29,0.00343929,nan,nan0
0,0,377,75,0,0,29,0.00328431,nan,nan0
0,0,377,75,0,0,29,0.00311694,nan,nan0
0,0,377,75,0,0,29,0.00332443,nan,nan0
0,0,377,75,0,0,29,0.00318303,nan,nan0
0,0,377,75,0,0,29,0.00338764,nan,nan0
0,0,377,75,0,0,29,0.00342968,nan,nan0
0,0,377,75,0,0,29,0.00365633,nan,nan0
0,0,377,75,0,0,29,0.00406429,nan,nan0
0,0,377,75,0,0,29,0.00327884,nan,nan0
0,0,377,75,0,0,29,0.00306551,nan,nan0
0,0,377,75,0,0,29,0.00371439,nan,nan0
0,0,377,75,0,0,29,0.00334584,nan,nan0
0,0,377,75,0,0,29,0.00376531,nan,nan0
0,0,377,75,0,0,29,0.00339001,nan,nan0
0,0,377,75,0,0,29,0.00309195,nan,nan0
0,0,377,75,0,0,29,0.00387647,nan,nan0
0,0,377,75,0,0,29,0.00371817,nan,nan0
0,0,377,75,0,0,29,0.0055621,nan,nan0
0,0,377,75,0,0,29,0.00288068,nan,nan0
0,0,377,75,0,0,29,0.00347752,nan,nan0
0,0,377,75,0,0,29,0.00369237,nan,nan0
0,0,377,75,0,0,29,0.00308048,nan,nan0
0,0,377,75,0,0,29,0.0040702,nan,nan0
0,0,377,75,0,0,29,0.00322663,nan,nan0
0,0,377,75,0,0,29,0.00357919,nan,nan0
0,0,377,75,0,0,29,0.00330716,nan,nan0
0,0,377,75,0,0,29,0.00364337,nan,nan0
0,0,377,75,0,0,29,0.00331166,nan,nan0
0,0,377,75,0,0,29,0.00341136,nan,nan0
0,0,377,75,0,0,29,0.00316057,nan,nan0
0,0,377,75,0,0,29,0.00350576,nan,nan0
0,0,377,75,0,0,29,0.00334199,nan,nan0
0,0,377,75,0,0,29,0.00325938,nan,nan0
0,0,377,75,0,0,29,0.00427598,nan,nan0
0,0,377,75,0,0,29,0.0034059,nan,nan0
0,0,377,75,0,0,29,0.00341692,nan,nan0
0,0,377,75,0,0,29,0.00576975,nan,nan0
0,0,377,75,0,0,29,0.00341783,nan,nan0
0,0,377,75,0,0,29,0.00435452,nan,nan0
0,0,377,75,0,0,29,0.00343339,nan,nan0
0,0,377,75,0,0,29,0.00357458,nan,nan0
0,0,377,75,0,0,29,0.0034127,nan,nan0
0,0,377,75,0,0,29,0.00349126,nan,nan0
0,0,377,75,0,0,29,0.00324753,nan,nan0
0,0,377,75,0,0,29,0.00324796,nan,nan0
0,0,377,75,0,0,29,0.00325202,nan,nan0
0,0,377,75,0,0,29,0.00374228,nan,nan0
0,0,377,75,0,0,29,0.00376841,nan,nan0
0,0,377,75,0,0,29,0.003467,nan,nan0
0,0,377,75,0,0,29,0.00374755,nan,nan0
0,0,377,75,0,0,29,0.00332256,nan,nan0
0,0,377,75,0,0,29,0.00351321,nan,nan0
0,0,377,75,0,0,29,0.00376957,nan,nan0
0,0,377,75,0,0,29,0.00309761,nan,nan0
0,0,377,75,0,0,29,0.00342633,nan,nan0
0,0,377,75,0,0,29,0.00353474,nan,nan0
0,0,377,75,0,0,29,0.00362281,nan,nan0
0,0,377,75,0,0,29,0.00407499,nan,nan0
0,0,377,75,0,0,29,0.00307342,nan,nan0
0,0,377,75,0,0,29,0.00359644,nan,nan0
0,0,377,75,0,0,29,0.00311698,nan,nan0
0,0,377,75,0,0,29,0.00351738,nan,nan0
0,0,377,75,0,0,29,0.00372636,nan,nan0
0,0,377,75,0,0,29,0.0036405,nan,nan0
0,0,377,75,0,0,29,0.00342744,nan,nan0
0,0,377,75,0,0,29,0.00328026,nan,nan0
0,0,377,75,0,0,29,0.00328806,nan,nan0
0,0,377,75,0,0,29,0.00351165,nan,nan0
0,0,377,75,0,0,29,0.00324046,nan,nan0
0,0,377,75,0,0,29,0.00351935,nan,nan0
0,0,377,75,0,0,29,0.00362648,nan,nan0
0,0,377,75,0,0,29,0.00313129,nan,nan0
0,0,377,75,0,0,29,0.00412637,nan,nan0
0,0,377,75,0,0,29,0.0032821,nan,nan0
0,0,377,75,0,0,29,0.00428244,nan,nan0
0,0,377,75,0,0,29,0.00356768,nan,nan0
0,0,377,75,0,0,29,0.00398172,nan,nan0
0,0,377,75,0,0,29,0.00333995,nan,nan0
0,0,377,75,0,0,29,0.00431714,nan,nan0
0,0,377,75,0,0,29,0.0032731,nan,nan0
0,0,377,75,0,0,29,0.00372538,nan,nan0
0,0,377,75,0,0,29,0.00379403,nan,nan0
0,0,377,75,0,0,29,0.00379264,nan,nan0
0,0,377,75,0,0,29,0.0035367,nan,nan0
0,0,377,75,0,0,29,0.00341224,nan,nan0
0,0,377,75,0,0,29,0.00351404,nan,nan0
0,0,377,75,0,0,29,0.00346022,nan,nan0
0,0,377,75,0,0,29,0.00390771,nan,nan0
0,0,377,75,0,0,29,0.00336345,nan,nan0
0,0,377,75,0,0,29,0.00345927,nan,nan0
0,0,377,75,0,0,29,0.00358727,nan,nan0
0,0,377,75,0,0,29,0.00387879,nan,nan0
0,0,377,75,0,0,29,0.00329088,nan,nan0
0,0,377,75,0,0,29,0.00358564,nan,nan0
0,0,377,75,0,0,29,0.00350363,nan,nan0
0,0,377,75,0,0,29,0.00339457,nan,nan0
0,0,377,75,0,0,29,0.00334455,nan,nan0
0,0,377,75,0,0,29,0.00324918,nan,nan0
0,0,377,75,0,0,29,0.0036276,nan,nan0
0,0,377,75,0,0,29,0.00440315,nan,nan0
0,0,377,75,0,0,29,0.00452519,nan,nan0
0,0,377,75,0,0,29,0.0037716,nan,nan0
0,0,377,75,0,0,29,0.00374594,nan,nan0
0,0,377,75,0,0,29,0.00340426,nan,nan0
0,0,377,75,0,0,29,0.00344055,nan,nan0
0,0,377,75,0,0,29,0.00433967,nan,nan0
0,0,377,75,0,0,29,0.00382716,nan,nan0
0,0,377,75,0,0,29,0.00326478,nan,nan0
0,0,377,75,0,0,29,0.00340441,nan,nan0
0,0,377,75,0,0,29,0.00349531,nan,nan0
0,0,377,75,0,0,29,0.00381536,nan,nan0
0,0,377,75,0,0,29,0.00346509,nan,nan0
0,0,377,75,0,0,29,0.00436763,nan,nan0
0,0,377,75,0,0,29,0.00354019,nan,nan0
0,0,377,75,0,0,29,0.00344696,nan,nan0
0,0,377,75,0,0,29,0.00328392,nan,nan0
0,0,377,75,0,0,29,0.00310882,nan,nan0
0,0,377,75,0,0,29,0.00448444,nan,nan0
0,0,377,75,0,0,29,0.00382397,nan,nan0
0,0,377,75,0,0,29,0.00343437,nan,nan0
0,0,377,75,0,0,29,0.00377375,nan,nan0
0,0,377,75,0,0,29,0.00383686,nan,nan0
0,0,377,75,0,0,29,0.003315,nan,nan0
0,0,377,75,0,0,29,0.00352119,nan,nan0
0,0,377,75,0,0,29,0.00341152,nan,nan0
0,0,377,75,0,0,29,0.00398874,nan,nan0
0,0,377,75,0,0,29,0.00350189,nan,nan0
0,0,377,75,0,0,29,0.00347621,nan,nan0
0,0,377,75,0,0,29,0.00329771,nan,nan0
0,0,377,75,0,0,29,0.00380664,nan,nan0
0,0,377,75,0,0,29,0.00363638,nan,nan0
0,0,377,75,0,0,29,0.00397357,nan,nan0
0,0,377,75,0,0,29,0.00331911,nan,nan0
0,0,377,75,0,0,29,0.0039476,nan,nan0
0,0,377,75,0,0,29,0.00368423,nan,nan0
0,0,377,75,0,0,29,0.00336406,nan,nan0
0,0,377,75,0,0,29,0.00389559,nan,nan0
0,0,377,75,0,0,29,0.00345132,nan,nan0
0,0,377,75,0,0,29,0.00375052,nan,nan0
0,0,377,75,0,0,29,0.00352953,nan,nan0
0,0,377,75,0,0,29,0.0049128,nan,nan0
0,0,377,75,0,0,29,0.00336414,nan,nan0
0,0,377,75,0,0,29,0.00457244,nan,nan0
0,0,377,75,0,0,29,0.00338137,nan,nan0
0,0,377,75,0,0,29,0.00345717,nan,nan0
0,0,377,75,0,0,29,0.0034319,nan,nan0
0,0,377,75,0,0,29,0.00468692,nan,nan0
0,0,377,75,0,0,29,0.00354923,nan,nan0
0,0,377,75,0,0,29,0.00343785,nan,nan0
0,0,377,75,0,0,29,0.00394612,nan,nan0
0,0,377,75,0,0,29,0.0038424,nan,nan0
0,0,377,75,0,0,29,0.00544358,nan,nan0
0,0,377,75,0,0,29,0.00306508,nan,nan0
0,0,377,75,0,0,29,0.00340008,nan,nan0
0,0,377,75,0,0,29,0.00352725,nan,nan0
0,0,377,75,0,0,29,0.0035164,nan,nan0
0,0,377,75,0,0,29,0.00364323,nan,nan0
0,0,377,75,0,0,29,0.00356498,nan,nan0
0,0,377,75,0,0,29,0.00344677,nan,nan0
0,0,377,75,0,0,29,0.00398187,nan,nan0
0,0,377,75,0,0,29,0.00346208,nan,nan0
0,0,377,75,0,0,29,0.00459137,nan,nan0
0,0,377,75,0,0,29,0.00380537,nan,nan0
0,0,377,75,0,0,29,0.00339914,nan,nan0
0,0,377,75,0,0,29,0.00373617,nan,nan0
0,0,377,75,0,0,29,0.0040006,nan,nan0
0,0,377,75,0,0,29,0.00375815,nan,nan0
0,0,377,75,0,0,29,0.00363768,nan,nan0
0,0,377,75,0,0,29,0.00339267,nan,nan0
0,0,377,75,0,0,29,0.00351808,nan,nan0
0,0,377,75,0,0,29,0.00395701,nan,nan0
0,0,377,75,0,0,29,0.00390999,nan,nan0
0,0,377,75,0,0,29,0.00395344,nan,nan0
0,0,377,75,0,0,29,0.0041753,nan,nan0
0,0,377,75,0,0,29,0.0039653,nan,nan0
0,0,377,75,0,0,29,0.00421409,nan,nan0
0,0,377,75,0,0,29,0.00392768,nan,nan0
0,0,377,75,0,0,29,0.00414575,nan,nan0
0,0,377,75,0,0,29,0.00443449,nan,nan0
0,0,377,75,0,0,29,0.00386289,nan,nan0
0,0,377,75,0,0,29,0.00429533,nan,nan0
0,0,377,75,0,0,29,0.00366913,nan,nan0
0,0,377,75,0,0,29,0.00414975,nan,nan0
0,0,377,75,0,0,29,0.00479822,nan,nan0
0,0,377,75,0,0,29,0.0038434,nan,nan0
0,0,377,75,0,0,29,0.00365015,nan,nan0
0,0,377,75,0,0,29,0.00354056,nan,nan0
0,0,377,75,0,0,29,0.0044148,nan,nan0
0,0,377,75,0,0,29,0.00364849,nan,nan0
0,0,377,75,0,0,29,0.0043386,nan,nan0
0,0,377,75,0,0,29,0.00472219,nan,nan0
0,0,377,75,0,0,29,0.0037367,nan,nan0
0,0,377,75,0,0,29,0.00399483,nan,nan0
0,0,377,75,0,0,29,0.00368626,nan,nan0
0,0,377,75,0,0,29,0.00441931,nan,nan0
0,0,377,75,0,0,29,0.00399468,nan,nan0
0,0,377,75,0,0,29,0.00392552,nan,nan0
0,0,377,75,0,0,29,0.00378181,nan,nan0
0,0,377,75,0,0,29,0.00393544,nan,nan0
0,0,377,75,0,0,29,0.00325773,nan,nan0
0,0,377,75,0,0,29,0.00368724,nan,nan0
0,0,377,75,0,0,29,0.00357486,nan,nan0
0,0,377,75,0,0,29,0.00494556,nan,nan0
0,0,377,75,0,0,29,0.00421896,nan,nan0
0,0,377,75,0,0,29,0.00457074,nan,nan0
0,0,404,80,19,18,30,0.00389258,nan,nan0
0,0,404,80,0,0,30,0.00375818,nan,nan0
0,0,404,80,0,0,30,0.00339727,nan,nan0
0,0,404,80,0,0,30,0.00364746,nan,nan0
0,0,404,80,0,0,30,0.0047115,nan,nan0
0,0,404,80,0,0,30,0.00370789,nan,nan0
0,0,404,80,0,0,30,0.00373977,nan,nan0
0,0,404,80,0,0,30,0.00397049,nan,nan0
0,0,404,80,0,0,30,0.00447493,nan,nan0
0,0,404,80,0,0,30,0.00405014,nan,nan0
0,0,404,80,0,0,30,0.00385857,nan,nan0
0,0,404,80,0,0,30,0.00409791,nan,nan0
0,0,404,80,0,0,30,0.00426975,nan,nan0
0,0,404,80,0,0,30,0.00362267,nan,nan0
0,0,404,80,0,0,30,0.00417736,nan,nan0
0,0,404,80,0,0,30,0.00360716,nan,nan0
0,0,404,80,0,0,30,0.00367345,nan,nan0
0,0,404,80,0,0,30,0.00387775,nan,nan0
0,0,404,80,0,0,30,0.00316398,nan,nan0
0,0,404,80,0,0,30,0.0039992,nan,nan0
0,0,404,80,0,0,30,0.00371122,nan,nan0
0,0,404,80,0,0,30,0.00385347,nan,nan0
0,0,404,80,0,0,30,0.00351935,nan,nan0
0,0,404,80,0,0,30,0.00390809,nan,nan0
0,0,404,80,0,0,30,0.00376639,nan,nan0
0,0,404,80,0,0,30,0.00622522,nan,nan0
0,0,404,80,0,0,30,0.00413586,nan,nan0
0,0,404,80,0,0,30,0.0054423,nan,nan0
0,0,404,80,0,0,30,0.00379889,nan,nan0
0,0,404,80,0,0,30,0.00375365,nan,nan0
0,0,404,80,0,0,30,0.00382965,nan,nan0
0,0,404,80,0,0,30,0.0037832,nan,nan0
0,0,404,80,0,0,30,0.00376247,nan,nan0
0,0,404,80,0,0,30,0.00367505,nan,nan0
0,0,404,80,0,0,30,0.00504596,nan,nan0
0,0,404,80,0,0,30,0.003763,nan,nan0
0,0,404,80,0,0,30,0.00411361,nan,nan0
0,0,404,80,0,0,30,0.003927,nan,nan0
0,0,404,80,0,0,30,0.00391355,nan,nan0
0,0,404,80,0,0,30,0.00413432,nan,nan0
0,0,404,80,0,0,30,0.0038591,nan,nan0
0,0,404,80,0,0,30,0.00412362,nan,nan0
0,0,404,80,0,0,30,0.00394012,nan,nan0
0,0,404,80,0,0,30,0.00374526,nan,nan0
0,0,404,80,0,0,30,0.0037208,nan,nan0
0,0,404,80,0,0,30,0.00381116,nan,nan0
0,0,404,80,0,0,30,0.00418756,nan,nan0
0,0,404,80,0,0,30,0.00400917,nan,nan0
0,0,404,80,0,0,30,0.00455804,nan,nan0
0,0,404,80,0,0,30,0.00391318,nan,nan0
0,0,404,80,0,0,30,0.00395795,nan,nan0
0,0,404,80,0,0,30,0.003753,nan,nan0
0,0,404,80,0,0,30,0.00386185,nan,nan0
0,0,404,80,0,0,30,0.00382833,nan,nan0
0,0,404,80,0,0,30,0.00370246,nan,nan0
0,0,404,80,0,0,30,0.00378001,nan,nan0
0,0,404,80,0,0,30,0.00466068,nan,nan0
0,0,404,80,0,0,30,0.00433059,nan,nan0
0,0,404,80,0,0,30,0.00404756,nan,nan0
0,0,404,80,0,0,30,0.00373979,nan,nan0
0,0,404,80,0,0,30,0.00422322,nan,nan0
0,0,404,80,0,0,30,0.00412679,nan,nan0
0,0,404,80,0,0,30,0.00364548,nan,nan0
0,0,404,80,0,0,30,0.00406721,nan,nan0
0,0,404,80,0,0,30,0.00361,nan,nan0
0,0,404,80,0,0,30,0.00573025,nan,nan0
0,0,404,80,0,0,30,0.00385395,nan,nan0
0,0,404,80,0,0,30,0.00607136,nan,nan0
0,0,404,80,0,0,30,0.00416529,nan,nan0
0,0,404,80,0,0,30,0.0041402,nan,nan0
0,0,404,80,0,0,30,0.00376403,nan,nan0
0,0,404,80,0,0,30,0.00411299,nan,nan0
0,0,404,80,0,0,30,0.00462364,nan,nan0
0,0,404,80,0,0,30,0.00418742,nan,nan0
0,0,404,80,0,0,30,0.00377161,nan,nan0
0,0,404,80,0,0,30,0.00420166,nan,nan0
0,0,404,80,0,0,30,0.00386488,nan,nan0
0,0,404,80,0,0,30,0.0039969,nan,nan0
0,0,404,80,0,0,30,0.0040822,nan,nan0
0,0,404,80,0,0,30,0.00385659,nan,nan0
0,0,404,80,0,0,30,0.00403877,nan,nan0
0,0,404,80,0,0,30,0.00384452,nan,nan0
0,0,404,80,0,0,30,0.00418331,nan,nan0
0,0,404,80,0,0,30,0.00340703,nan,nan0
0,0,404,80,0,0,30,0.00410727,nan,nan0
0,0,404,80,0,0,30,0.00434462,nan,nan0
0,0,404,80,0,0,30,0.00401794,nan,nan0
0,0,404,80,0,0,30,0.00507818,nan,nan0
0,0,404,80,0,0,30,0.00399885,nan,nan0
0,0,404,80,0,0,30,0.00473823,nan,nan0
0,0,404,80,0,0,30,0.00425394,nan,nan0
0,0,404,80,0,0,30,0.00439475,nan,nan0
0,0,404,80,0,0,30,0.00409835,nan,nan0
0,0,404,80,0,0,30,0.00406829,nan,nan0
0,0,404,80,0,0,30,0.00584726,nan,nan0
0,0,404,80,0,0,30,0.00423459,nan,nan0
0,0,404,80,0,0,30,0.00381831,nan,nan0
0,0,404,80,0,0,30,0.00363715,nan,nan0
0,0,404,80,0,0,30,0.00422201,nan,nan0
0,0,404,80,0,0,30,0.00413747,nan,nan0
0,0,404,80,0,0,30,0.00372647,nan,nan0
0,0,404,80,0,0,30,0.00400899,nan,nan0
0,0,404,80,0,0,30,0.00387407,nan,nan0
0,0,404,80,0,0,30,0.00410809,nan,nan0
0,0,404,80,0,0,30,0.00408334,nan,nan0
0,0,404,80,0,0,30,0.00440325,nan,nan0
0,0,404,80,0,0,30,0.00377321,nan,nan0
0,0,404,80,0,0,30,0.00345022,nan,nan0
0,0,404,80,0,0,30,0.0051733,nan,nan0
0,0,404,80,0,0,30,0.00490373,nan,nan0
0,0,404,80,0,0,30,0.00365857,nan,nan0
0,0,404,80,0,0,30,0.00396632,nan,nan0
0,0,404,80,0,0,30,0.00485552,nan,nan0
0,0,404,80,0,0,30,0.00396523,nan,nan0
0,0,404,80,0,0,30,0.00375853,nan,nan0
0,0,404,80,0,0,30,0.00429887,nan,nan0
0,0,404,80,0,0,30,0.00388155,nan,nan0
0,0,404,80,0,0,30,0.00417189,nan,nan0
0,0,404,80,0,0,30,0.00421219,nan,nan0
0,0,404,80,0,0,30,0.00560178,nan,nan0
0,0,404,80,0,0,30,0.00459982,nan,nan0
0,0,404,80,0,0,30,0.00464414,nan,nan0
0,0,404,80,0,0,30,0.00461859,nan,nan0
0,0,404,80,0,0,30,0.00381454,nan,nan0
0,0,404,80,0,0,30,0.00496478,nan,nan0
0,0,404,80,0,0,30,0.0044637,nan,nan0
0,0,404,80,0,0,30,0.00393596,nan,nan0
0,0,404,80,0,0,30,0.00473057,nan,nan0
0,0,404,80,0,0,30,0.00473264,nan,nan0
0,0,404,80,0,0,30,0.00390878,nan,nan0
0,0,404,80,0,0,30,0.00393637,nan,nan0
0,0,404,80,0,0,30,0.00408007,nan,nan0
0,0,404,80,0,0,30,0.00417386,nan,nan0
0,0,404,80,0,0,30,0.00626883,nan,nan0
0,0,404,80,0,0,30,0.00443944,nan,nan0
0,0,404,80,0,0,30,0.00396158,nan,nan0
0,0,404,80,0,0,30,0.00424631,nan,nan0
0,0,404,80,0,0,30,0.00461926,nan,nan0
0,0,404,80,0,0,30,0.00406896,nan,nan0
0,0,404,80,0,0,30,0.00405517,nan,nan0
0,0,404,80,0,0,30,0.00455886,nan,nan0
0,0,404,80,0,0,30,0.00532727,nan,nan0
0,0,404,80,0,0,30,0.00473856,nan,nan0
0,0,404,80,0,0,30,0.00406277,nan,nan0
0,0,404,80,0,0,30,0.00425365,nan,nan0
0,0,404,80,0,0,30,0.00521628,nan,nan0
0,0,404,80,0,0,30,0.00442639,nan,nan0
0,0,404,80,0,0,30,0.00442495,nan,nan0
0,0,404,80,0,0,30,0.00399333,nan,nan0
0,0,404,80,0,0,30,0.00453436,nan,nan0
0,0,404,80,0,0,30,0.00587431,nan,nan0
0,0,404,80,0,0,30,0.00519601,nan,nan0
0,0,404,80,0,0,30,0.00420634,nan,nan0
0,0,404,80,0,0,30,0.00424438,nan,nan0
0,0,404,80,0,0,30,0.00468268,nan,nan0
0,0,404,80,0,0,30,0.00388214,nan,nan0
0,0,404,80,0,0,30,0.00411155,nan,nan0
0,0,404,80,0,0,30,0.0042824,nan,nan0
0,0,404,80,0,0,30,0.00420126,nan,nan0
0,0,404,80,0,0,30,0.00455132,nan,nan0
0,0,404,80,0,0,30,0.00413207,nan,nan0
0,0,404,80,0,0,30,0.00405017,nan,nan0
0,0,404,80,0,0,30,0.00486691,nan,nan0
0,0,404,80,0,0,30,0.00409706,nan,nan0
0,0,404,80,0,0,30,0.00400041,nan,nan0
0,0,404,80,0,0,30,0.00418046,nan,nan0
0,0,404,80,0,0,30,0.00486771,nan,nan0
0,0,404,80,0,0,30,0.00508346,nan,nan0
0,0,404,80,0,0,30,0.00573741,nan,nan0
0,0,404,80,0,0,30,0.0054134,nan,nan0
0,0,404,80,0,0,30,0.00393543,nan,nan0
0,0,404,80,0,0,30,0.00399511,nan,nan0
0,0,404,80,0,0,30,0.00461809,nan,nan0
0,0,404,80,0,0,30,0.00406028,nan,nan0
0,0,404,80,0,0,30,0.0037217,nan,nan0
0,0,404,80,0,0,30,0.00443618,nan,nan0
0,0,404,80,0,0,30,0.00409846,nan,nan0
0,0,404,80,0,0,30,0.00411468,nan,nan0
0,0,404,80,0,0,30,0.00467743,nan,nan0
0,0,404,80,0,0,30,0.00416735,nan,nan0
0,0,404,80,0,0,30,0.00594987,nan,nan0
0,0,404,80,0,0,30,0.00394493,nan,nan0
0,0,404,80,0,0,30,0.00473994,nan,nan0
0,0,404,80,0,0,30,0.00478271,nan,nan0
0,0,404,80,0,0,30,0.00396155,nan,nan0
0,0,404,80,0,0,30,0.00470427,nan,nan0
0,0,404,80,0,0,30,0.00431896,nan,nan0
0,0,404,80,0,0,30,0.0040638,nan,nan0
0,0,404,80,0,0,30,0.00436848,nan,nan0
0,0,404,80,0,0,30,0.00405064,nan,nan0
0,0,404,80,0,0,30,0.00412442,nan,nan0
0,0,404,80,0,0,30,0.00460807,nan,nan0
0,0,404,80,0,0,30,0.00397723,nan,nan0
0,0,404,80,0,0,30,0.0047655,nan,nan0
0,0,404,80,0,0,30,0.00462163,nan,nan0
0,0,404,80,0,0,30,0.00418777,nan,nan0
0,0,404,80,0,0,30,0.00453845,nan,nan0
0,0,404,80,0,0,30,0.00414826,nan,nan0
0,0,404,80,0,0,30,0.00447994,nan,nan0
0,0,404,80,0,0,30,0.00411734,nan,nan0
0,0,404,80,0,0,30,0.0057007,nan,nan0
0,0,404,80,0,0,30,0.00445695,nan,nan0
0,0,404,80,0,0,30,0.0052847,nan,nan0
0,0,404,80,0,0,30,0.00445782,nan,nan0
0,0,404,80,0,0,30,0.00459031,nan,nan0
0,0,404,80,0,0,30,0.00421048,nan,nan0
0,0,404,80,0,0,30,0.00444198,nan,nan0
0,0,404,80,0,0,30,0.00477078,nan,nan0
0,0,404,80,0,0,30,0.00450134,nan,nan0
0,0,404,80,0,0,30,0.00872552,nan,nan0
0,0,404,80,0,0,30,0.00801007,nan,nan0
0,0,404,80,0,0,30,0.00478049,nan,nan0
0,0,404,80,0,0,30,0.00469565,nan,nan0
0,0,404,80,0,0,30,0.00444669,nan,nan0
0,0,404,80,0,0,30,0.00445143,nan,nan0
0,0,404,80,0,0,30,0.00626656,nan,nan0
0,0,404,80,0,0,30,0.00508294,nan,nan0
0,0,404,80,0,0,30,0.00435955,nan,nan0
0,0,404,80,0,0,30,0.00454957,nan,nan0
0,0,404,80,0,0,30,0.00562286,nan,nan0
0,0,404,80,0,0,30,0.00643345,nan,nan0
0,0,404,80,0,0,30,0.00436619,nan,nan0
0,0,404,80,0,0,30,0.00438643,nan,nan0
0,0,404,80,0,0,30,0.00490597,nan,nan0
0,0,404,80,0,0,30,0.00449906,nan,nan0
0,0,404,80,0,0,30,0.00447872,nan,nan0
0,0,404,80,0,0,30,0.00429749,nan,nan0
0,0,404,80,0,0,30,0.00429834,nan,nan0
0,0,404,80,0,0,30,0.00553083,nan,nan0
0,0,404,80,0,0,30,0.00445894,nan,nan0
0,0,404,80,0,0,30,0.00707026,nan,nan0
0,0,404,80,0,0,30,0.0061453,nan,nan0
0,0,404,80,0,0,30,0.00450352,nan,nan0
0,0,404,80,0,0,30,0.00418432,nan,nan0
0,0,404,80,0,0,30,0.00526428,nan,nan0
0,0,404,80,0,0,30,0.00476775,nan,nan0
0,0,404,80,0,0,30,0.00428874,nan,nan0
0,0,404,80,0,0,30,0.00437656,nan,nan0
0,0,404,80,0,0,30,0.00442541,nan,nan0
0,0,404,80,0,0,30,0.00471701,nan,nan0
0,0,404,80,0,0,30,0.00551457,nan,nan0
0,0,404,80,0,0,30,0.0041138,nan,nan0
0,0,404,80,0,0,30,0.0117763,nan,nan0
0,0,404,80,0,0,30,0.0045192,nan,nan0
0,0,404,80,0,0,30,0.0050243,nan,nan0
0,0,404,80,0,0,30,0.00442304,nan,nan0
0,0,404,80,0,0,30,0.00513855,nan,nan0
0,0,404,80,0,0,30,0.00462364,nan,nan0
0,0,404,80,0,0,30,0.00475616,nan,nan0
0,0,404,80,0,0,30,0.00457188,nan,nan0
0,0,404,80,0,0,30,0.0048176,nan,nan0
0,0,404,80,0,0,30,0.00492584,nan,nan0
0,0,404,80,0,0,30,0.00465983,nan,nan0
0,0,404,80,0,0,30,0.00427392,nan,nan0
0,0,404,80,0,0,30,0.00413214,nan,nan0
0,0,404,80,0,0,30,0.0058464,nan,nan0
0,0,404,80,0,0,30,0.00428933,nan,nan0
0,0,404,80,0,0,30,0.00454288,nan,nan0
0,0,404,80,0,0,30,0.00457357,nan,nan0
0,0,404,80,0,0,30,0.00454503,nan,nan0
0,0,404,80,0,0,30,0.00659681,nan,nan0
0,0,404,80,0,0,30,0.004357,nan,nan0
0,0,404,80,0,0,30,0.00452536,nan,nan0
0,0,404,80,0,0,30,0.00465324,nan,nan0
0,0,404,80,0,0,30,0.00477278,nan,nan0
0,0,404,80,0,0,30,0.00548879,nan,nan0
0,0,404,80,0,0,30,0.00408369,nan,nan0
0,0,404,80,0,0,30,0.00545681,nan,nan0
0,0,404,80,0,0,30,0.00409234,nan,nan0
0,0,404,80,0,0,30,0.00908664,nan,nan0
0,0,404,80,0,0,30,0.0050561,nan,nan0
0,0,404,80,0,0,30,0.00506473,nan,nan0
0,0,404,80,0,0,30,0.00511589,nan,nan0
0,0,404,80,0,0,30,0.00761518,nan,nan0
0,0,404,80,0,0,30,0.00505781,nan,nan0
0,0,404,80,0,0,30,0.00455016,nan,nan0
0,0,404,80,0,0,30,0.004468,nan,nan0
0,0,404,80,0,0,30,0.00468813,nan,nan0
0,0,404,80,0,0,30,0.00507125,nan,nan0
0,0,404,80,0,0,30,0.00508362,nan,nan0
0,0,404,80,0,0,30,0.00517865,nan,nan0
0,0,404,80,0,0,30,0.00450902,nan,nan0
0,0,404,80,0,0,30,0.0044106,nan,nan0
0,0,404,80,0,0,30,0.00436478,nan,nan0
0,0,404,80,0,0,30,0.0045683,nan,nan0
0,0,404,80,0,0,30,0.00455376,nan,nan0
0,0,404,80,0,0,30,0.00498262,nan,nan0
0,0,404,80,0,0,30,0.00471424,nan,nan0
0,0,404,80,0,0,30,0.00473596,nan,nan0
0,0,404,80,0,0,30,0.00449145,nan,nan0
0,0,404,80,0,0,30,0.00498429,nan,nan0
0,0,404,80,0,0,30,0.00477325,nan,nan0
0,0,404,80,0,0,30,0.00460919,nan,nan0
0,0,404,80,0,0,30,0.00578177,nan,nan0
0,0,404,80,0,0,30,0.00467916,nan,nan0
0,0,404,80,0,0,30,0.0047213,nan,nan0
0,0,404,80,0,0,30,0.00520892,nan,nan0
0,0,404,80,0,0,30,0.00496575,nan,nan0
0,0,404,80,0,0,30,0.00506121,nan,nan0
0,0,404,80,0,0,30,0.00466312,nan,nan0
0,0,404,80,0,0,30,0.00529737,nan,nan0
0,0,404,80,0,0,30,0.00456859,nan,nan0
0,0,404,80,0,0,30,0.0045938,nan,nan0
0,0,404,80,0,0,30,0.00495648,nan,nan0
0,0,404,80,0,0,30,0.00473138,nan,nan0
0,0,404,80,0,0,30,0.00680056,nan,nan0
0,0,404,80,0,0,30,0.0049947,nan,nan0
0,0,404,80,0,0,30,0.00509731,nan,nan0
0,0,404,80,0,0,30,0.00628086,nan,nan0
0,0,404,80,0,0,30,0.00645265,nan,nan0
0,0,404,80,0,0,30,0.00555427,nan,nan0
0,0,404,80,0,0,30,0.00447048,nan,nan0
0,0,404,80,0,0,30,0.00495397,nan,nan0
0,0,404,80,0,0,30,0.00453719,nan,nan0
0,0,404,80,0,0,30,0.00489948,nan,nan0
0,0,404,80,0,0,30,0.0045556,nan,nan0
0,0,404,80,0,0,30,0.00437337,nan,nan0
0,0,404,80,0,0,30,0.00928068,nan,nan0
0,0,404,80,0,0,30,0.00470551,nan,nan0
0,0,404,80,0,0,30,0.00638172,nan,nan0
0,0,404,80,0,0,30,0.00535146,nan,nan0
0,0,404,80,0,0,30,0.00559241,nan,nan0
0,0,404,80,0,0,30,0.00467445,nan,nan0
0,0,404,80,0,0,30,0.00477301,nan,nan0
0,0,404,80,0,0,30,0.00464749,nan,nan0
0,0,404,80,0,0,30,0.00563712,nan,nan0
0,0,404,80,0,0,30,0.00465295,nan,nan0
0,0,404,80,0,0,30,0.0047278,nan,nan0
0,0,404,80,0,0,30,0.00466608,nan,nan0
0,0,404,80,0,0,30,0.00492649,nan,nan0
0,0,404,80,0,0,30,0.00489124,nan,nan0
0,0,404,80,0,0,30,0.00539561,nan,nan0
0,0,404,80,0,0,30,0.00510663,nan,nan0
0,0,404,80,0,0,30,0.00487563,nan,nan0
0,0,404,80,0,0,30,0.00614808,nan,nan0
0,0,404,80,0,0,30,0.0047852,nan,nan0
0,0,404,80,0,0,30,0.00474561,nan,nan0
0,0,404,80,0,0,30,0.0045568,nan,nan0
0,0,404,80,0,0,30,0.00449109,nan,nan0
0,0,404,80,0,0,30,0.00541317,nan,nan0
0,0,404,80,0,0,30,0.00519078,nan,nan0
0,0,404,80,0,0,30,0.00523777,nan,nan0
0,0,404,80,0,0,30,0.00480904,nan,nan0
0,0,404,80,0,0,30,0.00453745,nan,nan0
0,0,404,80,0,0,30,0.00509937,nan,nan0
0,0,404,80,0,0,30,0.00484929,nan,nan0
0,0,404,80,0,0,30,0.00456633,nan,nan0
0,0,404,80,0,0,30,0.00487061,nan,nan0
0,0,404,80,0,0,30,0.00480806,nan,nan0
0,0,404,80,0,0,30,0.00548044,nan,nan0
0,0,404,80,0,0,30,0.00481963,nan,nan0
0,0,404,80,0,0,30,0.00491673,nan,nan0
0,0,404,80,0,0,30,0.00687053,nan,nan0
0,0,404,80,0,0,30,0.00545616,nan,nan0
0,0,404,80,0,0,30,0.0052004,nan,nan0
0,0,404,80,0,0,30,0.00492662,nan,nan0
0,0,404,80,0,0,30,0.00485825,nan,nan0
0,0,404,80,0,0,30,0.00458903,nan,nan0
0,0,404,80,0,0,30,0.00584034,nan,nan0
0,0,404,80,0,0,30,0.00594919,nan,nan0
0,0,404,80,0,0,30,0.00474884,nan,nan0
0,0,404,80,0,0,30,0.00510597,nan,nan0
0,0,404,80,0,0,30,0.00511513,nan,nan0
0,0,404,80,0,0,30,0.00490604,nan,nan0
0,0,404,80,0,0,30,0.00454456,nan,nan0
0,0,404,80,0,0,30,0.00496618,nan,nan0
0,0,404,80,0,0,30,0.00549259,nan,nan0
0,0,404,80,0,0,30,0.00551414,nan,nan0
0,0,404,80,0,0,30,0.0056131,nan,nan0
0,0,404,80,0,0,30,0.00422327,nan,nan0
0,0,404,80,0,0,30,0.00467885,nan,nan0
0,0,404,80,0,0,30,0.00495432,nan,nan0
0,0,404,80,0,0,30,0.00529327,nan,nan0
0,0,404,80,0,0,30,0.00525458,nan,nan0
0,0,404,80,0,0,30,0.00513929,nan,nan0
0,0,404,80,0,0,30,0.00531041,nan,nan0
0,0,404,80,0,0,30,0.00514021,nan,nan0
0,0,404,80,0,0,30,0.00456923,nan,nan0
0,0,404,80,0,0,30,0.00515197,nan,nan0
0,0,404,80,0,0,30,0.00560274,nan,nan0
0,0,404,80,0,0,30,0.00714589,nan,nan0
0,0,404,80,0,0,30,0.00828891,nan,nan0
0,0,404,80,0,0,30,0.0064489,nan,nan0
0,0,404,80,0,0,30,0.00486198,nan,nan0
0,0,404,80,0,0,30,0.00480132,nan,nan0
0,0,404,80,0,0,30,0.00511085,nan,nan0
0,0,404,80,0,0,30,0.00501089,nan,nan0
0,0,404,80,0,0,30,0.00487196,nan,nan0
0,0,404,80,0,0,30,0.00502712,nan,nan0
0,0,404,80,0,0,30,0.00534326,nan,nan0
0,0,404,80,0,0,30,0.00472907,nan,nan0
0,0,404,80,0,0,30,0.00496581,nan,nan0
0,0,404,80,0,0,30,0.00467027,nan,nan0
0,0,404,80,0,0,30,0.00528968,nan,nan0
0,0,404,80,0,0,30,0.00528576,nan,nan0
0,0,404,80,0,0,30,0.00549117,nan,nan0
0,0,404,80,0,0,30,0.00583965,nan,nan0
0,0,404,80,0,0,30,0.00502885,nan,nan0
0,0,404,80,0,0,30,0.00586283,nan,nan0
0,0,404,80,0,0,30,0.00521891,nan,nan0
0,0,404,80,0,0,30,0.00537331,nan,nan0
0,0,404,80,0,0,30,0.00638391,nan,nan0
0,0,404,80,0,0,30,0.00501423,nan,nan0
0,0,404,80,0,0,30,0.00510917,nan,nan0
0,0,404,80,0,0,30,0.00463218,nan,nan0
0,0,404,80,0,0,30,0.00562647,nan,nan0
0,0,404,80,0,0,30,0.00504499,nan,nan0
0,0,404,80,0,0,30,0.00491092,nan,nan0
0,0,404,80,0,0,30,0.00527185,nan,nan0
0,0,404,80,0,0,30,0.00498132,nan,nan0
0,0,404,80,0,0,30,0.00507885,nan,nan0
0,0,404,80,0,0,30,0.00533568,nan,nan0
0,0,404,80,0,0,30,0.00653456,nan,nan0
0,0,404,80,0,0,30,0.00498042,nan,nan0
0,0,404,80,0,0,30,0.00509167,nan,nan0
0,0,404,80,0,0,30,0.00473328,nan,nan0
0,0,404,80,0,0,30,0.00917626,nan,nan0
0,0,404,80,0,0,30,0.00546605,nan,nan0
0,0,404,80,0,0,30,0.00495867,nan,nan0
0,0,404,80,0,0,30,0.00513565,nan,nan0
0,0,404,80,0,0,30,0.00662163,nan,nan0
0,0,404,80,0,0,30,0.00498424,nan,nan0
0,0,404,80,0,0,30,0.00487614,nan,nan0
0,0,404,80,0,0,30,0.00705622,nan,nan0
0,0,404,80,0,0,30,0.00547839,nan,nan0
0,0,404,80,0,0,30,0.00553585,nan,nan0
0,0,404,80,0,0,30,0.00500911,nan,nan0
0,0,404,80,0,0,30,0.00511747,nan,nan0
0,0,404,80,0,0,30,0.00497105,nan,nan0
0,0,404,80,0,0,30,0.00505014,nan,nan0
0,0,404,80,0,0,30,0.00491523,nan,nan0
0,0,404,80,0,0,30,0.00537139,nan,nan0
0,0,404,80,0,0,30,0.00508801,nan,nan0
0,0,404,80,0,0,30,0.00532518,nan,nan0
0,0,404,80,0,0,30,0.00522963,nan,nan0
0,0,404,80,0,0,30,0.0056511,nan,nan0
0,0,404,80,0,0,30,0.00529721,nan,nan0
0,0,404,80,0,0,30,0.00517015,nan,nan0
0,0,404,80,0,0,30,0.00571925,nan,nan0
0,0,404,80,0,0,30,0.00529395,nan,nan0
0,0,404,80,0,0,30,0.00565297,nan,nan0
0,0,404,80,0,0,30,0.00970351,nan,nan0
0,0,404,80,0,0,30,0.00559659,nan,nan0
0,0,404,80,0,0,30,0.0108863,nan,nan0
0,0,404,80,0,0,30,0.00670015,nan,nan0
0,0,404,80,0,0,30,0.00533698,nan,nan0
0,0,404,80,0,0,30,0.00499373,nan,nan0
0,0,404,80,0,0,30,0.00539446,nan,nan0
0,0,404,80,0,0,30,0.00495007,nan,nan0
0,0,404,80,0,0,30,0.00642,nan,nan0
0,0,404,80,0,0,30,0.00512229,nan,nan0
0,0,404,80,0,0,30,0.00546913,nan,nan0
0,0,404,80,0,0,30,0.00532981,nan,nan0
0,0,404,80,0,0,30,0.00500448,nan,nan0
0,0,404,80,0,0,30,0.00540249,nan,nan0
0,0,404,80,0,0,30,0.00662725,nan,nan0
0,0,404,80,0,0,30,0.00526081,nan,nan0
0,0,404,80,0,0,30,0.0049473,nan,nan0
0,0,404,80,0,0,30,0.00554665,nan,nan0
0,0,404,80,0,0,30,0.00550004,nan,nan0
0,0,404,80,0,0,30,0.00599218,nan,nan0
0,0,404,80,0,0,30,0.00593927,nan,nan0
0,0,404,80,0,0,30,0.00492386,nan,nan0
