timestamp(ns),elapsed(s)
1772084314555943627,0.00030641
1772084314689447627,0.000182019
1772084315223706627,0.000186575
1772084315490702627,0.000141517
1772084315591065627,0.000154519
1772084315624397627,9.7395e-05
1772084316091702627,8.904e-05
1772084316258712627,0.000235984
1772084316358919627,0.0001035
1772084316392211627,0.00019241
1772084316458970627,0.000331844
1772084316525704627,0.0001403
1772084316559093627,0.000165819
1772084316592752627,0.000155459
1772084316659358627,0.000134811
1772084316694838627,0.000171334
1772084316759473627,0.000171597
1772084316828249627,0.000431036
1772084316959867627,0.000282553
1772084317026593627,0.000264395
1772084317093578627,0.000178735
1772084317126721627,0.000225446
1772084317260217627,0.000215908
1772084317327087627,0.000348152
1772084317427259627,0.000315032
1772084317460579627,0.000301922
1772084317660968627,0.000293068
1772084317694339627,0.000125711
1772084317727724627,0.000328531
1772084318094961627,0.000142948
1772084318228454627,0.000297387
1772084318295349627,0.000294527
1772084318462236627,0.000299186
1772084318495599627,0.000293382
1772084318695971627,0.000243065
1772084318764708627,0.000240729
1772084318829474627,0.000263895
1772084318996479627,0.000431938
1772084319129990627,0.000137876
1772084319196727627,0.000119089
1772084319230226627,0.000190272
1772084319263489627,0.000184839
1772084319296856627,0.00019107
1772084319330366627,0.000405187
1772084319397116627,0.000350351
1772084319430464627,0.000214184
1772084319530605627,0.000531076
1772084319597438627,0.000338564
1772084319664097627,0.000244482
1772084319730977627,0.000160755
1772084319764370627,0.000126525
1772084319831123627,0.000215177
1772084320632410627,0.000117914
1772084320665743627,0.000119415
1772084320766012627,0.000169075
1772084320799364627,0.000352026
1772084320932866627,0.000203999
1772084320999619627,0.000263285
1772084321032989627,0.000391366
1772084321066498627,0.000263686
1772084321133242627,0.000183533
1772084321166618627,0.000189095
1772084321333498627,0.000121297
1772084321366892627,0.000123104
1772084321400360627,0.000611738
1772084321467121627,0.000321198
1772084321567245627,0.00034655
1772084321600625627,0.000179169
1772084321634134627,0.000210183
1772084321767615627,0.000380812
1772084321801014627,0.000336726
1772084321934495627,0.000199413
1772084322101502627,0.000154671
1772084322201631627,0.000440811
1772084322268369627,0.000252194
1772084322301756627,0.000282709
1772084322435374627,0.000601346
1772084322969467627,0.000171497
1772084323236643627,0.000440755
1772084323503771627,0.000600266
1772084323570514627,0.000148449
1772084323637260627,0.000417953
1772084323770781627,0.000251054
1772084323871033627,0.00024314
1772084323904372627,0.000289321
1772084323937764627,0.000270582
1772084323971136627,0.000251387
1772084324004505627,0.000223258
1772084324038030627,0.000229514
1772084324071289627,0.000181102
1772084324104637627,0.000222965
1772084324238267627,0.000268713
1772084324338395627,0.000248988
1772084324572146627,0.000154382
1772084324772466627,0.000282436
1772084324839280627,0.000349533
1772084324872646627,0.000174089
1772084324906029627,0.000218794
1772084325006150627,0.000520293
1772084325039531627,0.000215268
1772084325273274627,0.00023149
1772084325340022627,0.000299307
1772084325406900627,0.000314293
1772084325440165627,0.000313275
1772084325507030627,0.00025304
1772084325573790627,0.00027926
1772084325640530627,0.000498255
1772084325707275627,0.000461721
1772084325907664627,0.000324531
1772084325941042627,0.000341763
1772084325974414627,0.000605082
1772084326041170627,0.000169326
1772084326675538627,0.000186395
1772084326708931627,0.00016773
1772084326775797627,0.000232564
1772084326809047627,0.000228294
1772084326909295627,0.00030779
1772084326976054627,0.00028346
1772084327009417627,0.000177456
1772084327042806627,0.000167784
1772084327076172627,0.000288445
1772084327243173627,0.000378042
1772084327410063627,0.000350676
1772084327476920627,0.000406991
1772084327543549627,0.00029368
1772084327577054627,0.000218736
1772084327610426627,0.000201815
1772084327677166627,0.000168644
1772084327743922627,0.000485259
1772084327810797627,0.00022422
1772084327877431627,0.000275234
1772084327978195627,0.000324152
1772084328077856627,0.00038466
1772084328244801627,0.000548114
1772084328311550627,0.000157899
1772084328344923627,0.000196947
1772084328378312627,0.000153604
1772084328445058627,0.000148931
1772084328478704627,0.000284383
1772084328545261627,0.000207502
1772084328678822627,0.0003042
1772084328712198627,0.000320477
1772084328778938627,0.000399292
1772084328845818627,0.000280667
1772084328914365627,0.000295608
1772084329148356627,0.0003846
1772084329279820627,0.000342322
1772084329313192627,0.000295372
1772084329513758627,0.000506021
1772084329780567627,0.000254642
1772084329813971627,0.000338817
1772084329880814627,0.000446363
1772084330047692627,0.00035279
1772084330114443627,0.000562683
1772084330148198627,0.000260727
1772084330181196627,0.000357522
1772084330348203627,0.000432507
1772084330915702627,0.000550923
1772084331049335627,0.000292575
1772084331082711627,0.000241782
1772084331149454627,0.000297521
1772084331249703627,0.000200206
1772084331316323627,0.000341271
1772084331416588627,0.000216402
1772084331449952627,0.000290356
1772084331516703627,0.00023845
1772084331618013627,0.000511777
1772084331650209627,0.000444296
1772084331817203627,0.000228803
1772084331883956627,0.000509929
1772084331984083627,0.000224076
1772084332017585627,0.000399929
1772084332117715627,0.00041186
1772084332151098627,0.000249785
1772084332384838627,0.000427891
1772084332518349627,0.000251577
1772084332551719627,0.000394862
1772084332585108627,0.000398081
1772084332818842627,0.000389206
1772084333019096627,0.000594718
1772084333054254627,0.000262466
1772084333085982627,0.000467492
1772084333155302627,0.000493101
1772084333219471627,0.00048719
1772084333419844627,0.000450862
1772084333553365627,0.000410736
1772084333653618627,0.000329275
1772084333720221627,0.000398269
1772084333820486627,0.000302119
1772084333887227627,0.000285214
1772084333920600627,0.000476877
1772084334221121627,0.000452842
1772084334321347627,0.000282983
1772084334454842627,0.000497198
1772084334521607627,0.000354417
1772084334621737627,0.000295742
1772084334788735627,0.000297626
1772084334822106627,0.000289643
1772084334922247627,0.000302771
1772084334988991627,0.000318206
1772084335055733627,0.000312451
1772084335189355627,0.000315107
1772084335422987627,0.000625447
1772084335489861627,0.000936657
1772084335523252627,0.000510038
1772084335623361627,0.000518738
1772084335690243627,0.000343231
1772084335857131627,0.000538552
1772084335923868627,0.000336091
1772084336090744627,0.000476242
1772084336124237627,0.000546986
1772084336257753627,0.000330374
1772084336458000627,0.000497647
1772084336558262627,0.000312008
1772084336691733627,0.000368456
1772084336758518627,0.000538878
1772084336791875627,0.00032478
1772084336892100627,0.000376375
1772084336958870627,0.000418684
1772084337059158627,0.000345024
1772084337094100627,0.0005713
1772084337192682627,0.000442972
1772084337226009627,0.000546557
1772084337259375627,0.000571419
1772084337326170627,0.000686125
1772084337426256627,0.000346108
1772084337493038627,0.00053765
1772084337559879627,0.00064497
1772084337660006627,0.000449286
1772084337693383627,0.000344818
1772084337726759627,0.000312035
1772084337827467627,0.000331438
1772084337860378627,0.000335317
1772084337893763627,0.00033446
1772084337960513627,0.000461215
1772084338060632627,0.000381084
1772084338094157627,0.000553429
1772084338128643627,0.000535832
1772084338194260627,0.000494358
1772084338227642627,0.000554947
1772084338294382627,0.000535094
1772084338327768627,0.000329043
1772084338461244627,0.000500065
1772084338494640627,0.000515788
1772084338594959627,0.000498151
1772084338628265627,0.000558343
1772084338695024627,0.000331953
1772084338728389627,0.000817306
1772084338761758627,0.000468194
1772084338828509627,0.000571742
1772084338995527627,0.000666167
1772084339028888627,0.000367244
1772084339063894627,0.000457158
1772084339262719627,0.000339165
1772084339396161627,0.000567951
1772084339529644627,0.000548743
1772084340431179627,0.000380238
1772084340498027627,0.000344919
1772084340698274627,0.000319702
1772084340798404627,0.000501523
1772084340865163627,0.000360441
1772084341032175627,0.000638638
1772084341065546627,0.000600618
1772084341133698627,0.000418417
1772084341165795627,0.000359973
1772084341199042627,0.000421281
1772084341232407627,0.000370325
1772084341499535627,0.000420234
1772084341568499627,0.000385519
1772084341599675627,0.000424182
1772084341699945627,0.000337251
1772084341800042627,0.000546718
1772084342067186627,0.000548075
1772084342768303627,0.000540375
1772084342935177627,0.000440256
1772084343035436627,0.000426715
1772084343102160627,0.000486774
1772084343335941627,0.000536098
1772084343436060627,0.000537384
1772084343569689627,0.000350826
1772084343636322627,0.000572024
1772084343669817627,0.000367526
1772084343836689627,0.000549847
1772084343937022627,0.000476801
1772084344003567627,0.000406676
1772084344037061627,0.000607315
1772084344203942627,0.00056663
1772084344270810627,0.000357942
1772084344337424627,0.000338919
1772084344404315627,0.000862373
1772084344437692627,0.000312313
1772084344905075627,0.000446032
1772084345005178627,0.000519717
1772084345038718627,0.000408963
1772084345273576627,0.00038087
1772084345606211627,0.000551221
1772084345674507627,0.000409794
1772084345706344627,0.000322646
1772084345839992627,0.000433062
1772084345873335627,0.000430912
1772084345907082627,0.00043292
1772084345940078627,0.000329464
1772084346074523627,0.000447057
1772084346207212627,0.000562466
1772084346240577627,0.000346267
1772084346307459627,0.000533377
1772084346340702627,0.000563109
1772084346607840627,0.00091288
1772084346774843627,0.000500089
1772084347175466627,0.000528446
1772084347208854627,0.000554921
1772084347242208627,0.000679002
1772084347409112627,0.000365224
1772084347542712627,0.000361245
1772084347678117627,0.000627352
1772084347742969627,0.00035268
1772084347776343627,0.000499668
1772084348444119627,0.000412089
1772084348510977627,0.000338975
1772084348544350627,0.000374747
1772084348677893627,0.000331263
1772084348744600627,0.000715361
1772084348777983627,0.000343788
1772084348811500627,0.00056116
1772084349011720627,0.000574916
1772084349045106627,0.000365665
1772084349145235627,0.000354209
1772084349245456627,0.000608021
1772084349513582627,0.000339743
1772084349713763627,0.00049091
1772084349846494627,0.000514116
1772084350347261627,0.000338805
1772084350380694627,0.000499649
1772084350447491627,0.000362104
1772084350514141627,0.00040963
1772084350547602627,0.000420665
1772084350647741627,0.000572316
1772084350681115627,0.000564574
1772084351015003627,0.000378553
1772084351115263627,0.000416738
1772084351148478627,0.000556285
1772084351181873627,0.000343963
1772084351215375627,0.00036722
1772084351248734627,0.000422941
1772084351282123627,0.000569998
1772084351382271627,0.000977791
1772084351515750627,0.000351326
1772084351683750627,0.00037478
1772084352016622627,0.000518025
1772084352083381627,0.000341826
1772084352350504627,0.000486838
1772084352417288627,0.000542333
1772084352617598627,0.000585775
1772084352651001627,0.000626143
1772084352751150627,0.000536896
1772084352817970627,0.000403299
1772084352884660627,0.000373772
1772084352918041627,0.000354101
1772084353051631627,0.000561227
1772084353085024627,0.000374371
1772084353285379627,0.000346228
1772084353585776627,0.000469169
1772084353619289627,0.00056884
1772084353786145627,0.000616935
1772084353819508627,0.000360325
1772084353886285627,0.000445242
1772084354086654627,0.000430807
1772084354220279627,0.000503126
1772084354353780627,0.000603176
1772084354387163627,0.000569873
1772084354487987627,0.000538366
1772084354554169627,0.000591358
1772084354654905627,0.000393635
1772084355021691627,0.000733982
1772084355088299627,0.000593863
1772084355288569627,0.000366199
1772084355321908627,0.000404386
1772084355426194627,0.000554122
1772084355655754627,0.000413839
1772084355689470627,0.000370908
1772084355789315627,0.000465589
1772084355823200627,0.000621734
1772084356089914627,0.000602483
1772084356323515627,0.000380601
1772084356357062627,0.00058286
1772084356457167627,0.000438307
1772084356557327627,0.000570499
1772084357124916627,0.000630869
1772084357191652627,0.000371835
1772084357258442627,0.000648786
1772084357358542627,0.00051283
1772084357425422627,0.000652995
1772084357993053627,0.000487056
1772084358460428627,0.000626415
1772084358694059627,0.000612984
1772084358827672627,0.000645413
1772084358961182627,0.000616511
1772084359061314627,0.00050062
1772084359361953627,0.000654298
1772084359395195627,0.00075041
1772084359528816627,0.000429461
1772084359562187627,0.000497831
1772084359628940627,0.000446129
1772084359729067627,0.00058648
1772084359762440627,0.000676466
1772084359896069627,0.000531539
1772084359966809627,0.000426423
1772084360062950627,0.000507286
1772084360163186627,0.000521406
1772084360363444627,0.000431511
1772084360497071627,0.000959255
1772084360530463627,0.000614307
1772084360730821627,0.000402832
1772084360931084627,0.000404713
1772084361098008627,0.000452354
1772084361164817627,0.000389996
1772084361231567627,0.000490115
1772084361331708627,0.00042839
1772084361365082627,0.000659798
1772084361498824627,0.000799719
1772084361765835627,0.000406302
1772084361832735627,0.000737107
1772084361934490627,0.000398566
1772084362132892627,0.000620878
1772084362533727627,0.000690403
1772084362567090627,0.000431656
1772084362667223627,0.000639161
1772084362700602627,0.000426731
1772084362767352627,0.00042945
1772084362967724627,0.000537901
1772084363067846627,0.000669444
1772084363201336627,0.000708721
1772084363268235627,0.000736707
1772084363401711627,0.00051096
1772084363435094627,0.000744258
1772084363568713627,0.000765197
1772084364103293627,0.000514925
1772084364136240627,0.000500135
1772084364204423627,0.00066887
1772084364236358627,0.000430499
1772084364303233627,0.000582403
1772084364403372627,0.00045529
1772084364536830627,0.000699266
1772084364603751627,0.000518986
1772084364637106627,0.00075823
1772084364870734627,0.000553262
1772084364938163627,0.000990505
1772084365104484627,0.000771822
1772084365171389627,0.000472272
1772084365304869627,0.000971831
1772084365338260627,0.000936778
1772084365571876627,0.000547922
1772084366039388627,0.000774237
1772084366273013627,0.000548331
1772084366374316627,0.000807226
1772084366406623627,0.000498723
1772084366540123627,0.000784812
1772084366874007627,0.00052958
1772084367007633627,0.000766518
1772084367208384627,0.000538094
1772084367241400627,0.000939313
1772084367274679627,0.000549427
1772084367475015627,0.000520896
1772084367641879627,0.00085875
1772084367675629627,0.00083023
1772084367842256627,0.000552854
1772084367909016627,0.000568771
1772084367943068627,0.000526557
1772084368076969627,0.0012357
1772084368109418627,0.0006257
1772084368176144627,0.000807805
1772084368242910627,0.000621134
1772084368543560627,0.000799459
1772084368778047627,0.00050945
1772084368810517627,0.00100603
1772084368944141627,0.000811107
1772084369177765627,0.000924062
1772084369278012627,0.000866298
1772084369411516627,0.000633764
1772084369444915627,0.000906438
1772084369478282627,0.000899089
1772084370246151627,0.000837401
1772084370479917627,0.000767644
1772084370717067627,0.000774102
1772084370847161627,0.00064681
1772084371017048627,0.000870871
1772084371047422627,0.00127353
1772084371080787627,0.000555439
1772084371247793627,0.000831821
1772084371314541627,0.000777381
1772084371514913627,0.000512476
1772084371648414627,0.000577754
1772084371748539627,0.000840734
1772084371781921627,0.000524324
1772084372015667627,0.000525058
1772084372115790627,0.000821226
1772084372149289627,0.00116444
1772084372416459627,0.000857052
1772084372516559627,0.000811997
1772084372550036627,0.000872355
1772084372650042627,0.000892703
1772084372917190627,0.00081888
1772084373117430627,0.00111451
1772084373150806627,0.00115931
1772084373284437627,0.000782419
1772084373384556627,0.000623536
1772084373484670627,0.000911752
1772084373584938627,0.000538988
1772084373618316627,0.000549043
1772084373785171627,0.000522765
1772084373952177627,0.000843291
1772084374486419627,0.00107219
1772084374686607627,0.000682702
1772084374788709627,0.000518747
1772084374953811627,0.00085623
1772084375020618627,0.000901319
1772084375154076627,0.00053935
1772084375254341627,0.0006425
1772084375287596627,0.000550137
1772084376022208627,0.000886819
1772084376088989627,0.000934781
1772084376222474627,0.000834079
1772084376389466627,0.000543045
1772084376522959627,0.000536229
1772084376589699627,0.000924774
1772084376790073627,0.000581976
1772084376823475627,0.000517781
1772084376890207627,0.000826601
1772084376990478627,0.000923628
1772084377290954627,0.000697247
1772084377324339627,0.000898658
1772084377357712627,0.000545275
1772084377524716627,0.000919703
1772084377591342627,0.00095483
1772084377726986627,0.000878996
1772084377758350627,0.000712434
1772084377958596627,0.00104276
1772084378092232627,0.00085259
1772084378259087627,0.000945393
1772084378294826627,0.000549141
1772084378459476627,0.000825153
1772084378593331627,0.0014119
1772084378626506627,0.000905744
1772084378693230627,0.000818374
1772084378759980627,0.000864132
1772084378793359627,0.000546751
1772084378926858627,0.000875372
1772084379027118627,0.00090886
1772084379160606627,0.000602388
1772084379193982627,0.000592819
1772084379360986627,0.000530851
1772084379394680627,0.000553224
1772084379661358627,0.000537596
1772084379828485627,0.000863813
1772084379995244627,0.000576281
1772084380128875627,0.00064066
1772084380195621627,0.000560382
1772084380262500627,0.000659184
1772084380362495627,0.000773437
1772084380395997627,0.000986286
1772084380429380627,0.000849264
1772084380462877627,0.000725714
1772084380696554627,0.000534893
1772084380796627627,0.000935981
1772084380863876627,0.000552108
1772084380930144627,0.000771909
1772084380996920627,0.000910551
1772084381030260627,0.00110251
1772084381130524627,0.000598711
1772084381163890627,0.000972047
1772084381197251627,0.000738447
1772084381431007627,0.000614134
1772084381531135627,0.000958766
1772084381597880627,0.000571474
1772084381664805627,0.000901477
1772084381864992627,0.000964255
1772084382031871627,0.00087177
1772084382198887627,0.000904022
1772084382333299627,0.00126852
1772084382432633627,0.000548342
1772084382536751627,0.000523742
1772084382566137627,0.000557507
1772084382834504627,0.00088757
1772084382900016627,0.000873275
1772084383134335627,0.000898273
1772084383168300627,0.00055295
1772084383300640627,0.000665041
1772084383334015627,0.000892833
1772084384001769627,0.000581345
1772084384168772627,0.000724174
1772084384202145627,0.000610356
1772084384402521627,0.000928337
1772084384435771627,0.000627637
1772084384938065627,0.000591397
1772084385003401627,0.000937761
1772084385203854627,0.000852268
1772084385237115627,0.000917574
1772084385370649627,0.00091844
1772084385537659627,0.000859022
1772084385637792627,0.0010237
1772084385771426627,0.000580198
1772084385838203627,0.000958397
1772084385938288627,0.000592977
1772084386171918627,0.000593739
1772084386238797627,0.000601969
1772084386338939627,0.000930735
1772084386673331627,0.000996145
1772084386807403627,0.000619268
1772084386906525627,0.00060885
1772084387006671627,0.000663087
1772084387040051627,0.000591297
1772084387106801627,0.000929967
1772084387273847627,0.00062978
1772084387474208627,0.000790024
1772084387707798627,0.00104795
1772084387774554627,0.000644234
1772084388008307627,0.000718349
1772084388041684627,0.000618412
1772084388108423627,0.000669316
1772084388141805627,0.000637106
1772084388408973627,0.000759597
1772084388442305627,0.000553702
1772084388509204627,0.000932669
1772084388542985627,0.000891139
1772084388676078627,0.000600708
1772084388709427627,0.000888116
1772084388809603627,0.000629659
1772084389276955627,0.00125408
1772084389510689627,0.000766463
1772084389544216627,0.000700769
1772084389711062627,0.000685902
1772084389911319627,0.00101318
1772084389978198627,0.000757679
1772084390378825627,0.00103674
1772084390545705627,0.00174856
1772084390913105627,0.000851084
1772084391013215627,0.00111415
1772084391046598627,0.00104898
1772084391146714627,0.000692622
1772084391180092627,0.000668999
1772084391313590627,0.000652243
1772084391347088627,0.000697179
1772084391547340627,0.000746695
1772084391580703627,0.000726493
1772084391647485627,0.00085698
1772084391781096627,0.000954024
1772084391847832627,0.000692839
1772084391881212627,0.00116506
1772084391981327627,0.000790845
1772084392281964627,0.00109978
1772084392382090627,0.00105304
1772084392515612627,0.000751569
1772084392586338627,0.000688671
1772084392782737627,0.000799981
1772084392849479627,0.000697613
1772084392918753627,0.00112397
1772084392949600627,0.000761343
1772084393116611627,0.000919529
1772084393218860627,0.000711865
1772084393483904627,0.00107092
1772084393550621627,0.000719324
1772084393650855627,0.00113579
1772084393717500627,0.000721897
1772084393750998627,0.00085138
1772084393784843627,0.00100642
1772084393984738627,0.000779263
1772084394017997627,0.000804458
1772084394218366627,0.00114923
1772084394452118627,0.000734627
1772084394585626627,0.000760107
1772084394654802627,0.000788945
1772084395019750627,0.00119166
1772084395153309627,0.000791002
1772084395186636627,0.00119061
1772084395320120627,0.000712709
1772084395987888627,0.000863527
1772084396321753627,0.00118005
1772084396355451627,0.000815862
1772084396421887627,0.00118443
1772084396488766627,0.00081668
1772084396622612627,0.00078374
1772084396724907627,0.00117362
1772084397056262627,0.001282
1772084397256652627,0.000718656
1772084397456887627,0.00113485
1772084397590513627,0.000761486
1772084397790761627,0.000800528
1772084397957764627,0.000921652
1772084398325029627,0.00104884
1772084398358413627,0.000807655
1772084398458695627,0.000829759
1772084398558781627,0.000974552
1772084398592141627,0.000760151
1772084398725650627,0.000805867
1772084398759038627,0.000750558
1772084398959388627,0.00116576
1772084399193063627,0.000801231
1772084399226428627,0.000777287
1772084399259902627,0.000782085
1772084399426757627,0.00100834
1772084399460154627,0.00161946
1772084399526894627,0.00075822
1772084399660536627,0.00102118
1772084399727279627,0.0011705
1772084399827469627,0.00122909
1772084399860775627,0.000747136
1772084399927666627,0.00074956
1772084400061159627,0.00119432
1772084400094542627,0.00085136
1772084400194605627,0.000799891
1772084400261542627,0.00115319
1772084400328287627,0.00082021
1772084400361659627,0.000791335
1772084400461781627,0.000973863
1772084400561899627,0.000821423
1772084400628787627,0.00113398
1772084400762287627,0.000763178
1772084400795682627,0.000773204
1772084400895784627,0.00102373
1772084400996042627,0.00140372
1772084401029416627,0.000826547
1772084401329930627,0.000863323
1772084401396693627,0.00127516
1772084401964175627,0.00151635
1772084402097801627,0.00122424
1772084402131173627,0.00130444
1772084402197925627,0.0011816
1772084402431685627,0.000793007
1772084402598561627,0.000931912
1772084402665445627,0.00140738
1772084402833077627,0.00133148
1772084402899056627,0.000926388
1772084402933199627,0.000799923
1772084403099462627,0.00155245
1772084403132825627,0.00128713
1772084403366567627,0.000849874
1772084403500071627,0.00126909
1772084403633572627,0.00137598
1772084403767196627,0.00115028
1772084403800564627,0.00135521
1772084403934524627,0.000920884
1772084404067715627,0.00137743
1772084404101044627,0.00142473
1772084404401569627,0.000881923
1772084404434946627,0.00137681
1772084404501691627,0.00161435
1772084404535080627,0.0011256
1772084404568450627,0.000969489
1772084404635334627,0.000929094
1772084404668573627,0.0012718
1772084405104486627,0.00153843
1772084405136052627,0.00144511
1772084405536727627,0.00145142
1772084405570086627,0.00112623
1772084405670330627,0.00146794
1772084405970729627,0.00126074
1772084406037488627,0.00131671
1772084406171076627,0.00140564
1772084406271224627,0.00117073
1772084406338102627,0.000998242
1772084406438238627,0.000813645
1772084406471572627,0.0014745
1772084406571738627,0.00146607
1772084406671886627,0.00100403
1772084406705360627,0.00122098
1772084406738622627,0.000989242
1772084406805720627,0.00122235
1772084406838849627,0.00111411
1772084406938968627,0.000979304
1772084407039257627,0.000911144
1772084407174285627,0.000904354
1772084407407780627,0.000988494
1772084407439726627,0.0025117
1772084407473313627,0.00120058
1772084407539982627,0.00140742
1772084407574267627,0.00104061
1772084407673482627,0.000999522
1772084407773608627,0.00173461
1772084407907223627,0.000945248
1772084408341234627,0.00100739
1772084408441332627,0.00145682
1772084408641733627,0.00112226
1772084408708414627,0.00104841
1772084408775240627,0.000958388
1772084408842123627,0.000971256
1772084408875514627,0.00100899
1772084409042384627,0.00131553
1772084409142884627,0.000981004
1772084409877102627,0.00137566
1772084410010624627,0.00113374
1772084410110866627,0.000957971
1772084410377878627,0.0014016
1772084410478127627,0.000974474
1772084410611628627,0.00102319
1772084410745153627,0.000977357
1772084410778506627,0.000968058
1772084410812059627,0.00153522
1772084411145879627,0.000946278
1772084411179125627,0.00120929
1772084411546387627,0.000999828
1772084411746774627,0.0015831
1772084411780115627,0.00138463
1772084411847004627,0.00149734
1772084412047258627,0.00116289
1772084412114016627,0.0016215
1772084412180901627,0.00135371
1772084412247512627,0.00127384
1772084412281012627,0.00147122
1772084412414513627,0.00134443
1772084412447895627,0.00099957
1772084412548017627,0.00286231
1772084412614934627,0.00114032
1772084412648234627,0.00125506
1772084412681632627,0.00106587
1772084412715019627,0.000969436
1772084412748390627,0.00165234
1772084412848522627,0.00146088
1772084412948647627,0.0016281
1772084412982152627,0.00161426
1772084413048833627,0.00103914
1772084413349398627,0.00107185
1772084413416148627,0.00160081
1772084413950320627,0.00160386
1772084414384411627,0.00108233
1772084414751659627,0.00147583
1772084414918669627,0.00145642
1772084415253190627,0.00157292
1772084415285914627,0.00124434
1772084415419409627,0.00115943
1772084415486150627,0.000925663
1772084415686425627,0.00114818
1772084415719919627,0.000937355
1772084415786674627,0.0013772
1772084415853427627,0.00143685
1772084415986927627,0.000955146
1772084416220689627,0.000922819
1772084416354182627,0.00264921
1772084416487817627,0.00103827
1772084416521146627,0.000982817
1772084416788309627,0.00120638
1772084416821681627,0.00159329
1772084416855064627,0.00111221
1772084417122179627,0.00120623
1772084417155553627,0.00165318
1772084417422738627,0.00109357
1772084417489440627,0.00109347
1772084417924949627,0.00215169
1772084417956817627,0.00137525
1772084418090318627,0.000926874
1772084418123843627,0.000949203
1772084418190559627,0.00095451
1772084418457702627,0.0013319
1772084418491071627,0.000976756
1772084418524454627,0.0010702
1772084418624631627,0.00159482
1772084418825038627,0.00167353
1772084419125328627,0.00151012
1772084419192197627,0.00174868
1772084419292368627,0.00147364
1772084419325708627,0.000930102
1772084419494613627,0.000992832
1772084419559453627,0.000936902
1772084419659583627,0.00100598
1772084419692965627,0.00161682
1772084419728398627,0.00106612
1772084419759723627,0.00111241
1772084419793073627,0.000984906
1772084419928137627,0.00134243
1772084420093584627,0.000911732
1772084420327882627,0.00103809
1772084420394089627,0.00123554
1772084420527714627,0.00132136
1772084420594459627,0.00106117
1772084420727960627,0.00103011
1772084420794708627,0.0010011
1772084420894963627,0.00135085
1772084420928345627,0.000955861
1772084420961713627,0.000967061
1772084421128594627,0.00105601
1772084421161964627,0.00106503
1772084421228876627,0.00235632
1772084421262592627,0.00141561
1772084421328970627,0.000968968
1772084421395720627,0.000906259
1772084421495847627,0.00164383
1772084421629479627,0.00132682
1772084421696222627,0.00125059
1772084421829718627,0.0011125
1772084421864353627,0.000971251
1772084421896593627,0.00102878
1772084422063482627,0.0014785
1772084422230481627,0.00100421
1772084422297222627,0.00112025
1772084422497475627,0.000986037
1772084422530860627,0.00148135
1772084422664478627,0.00284301
1772084422764613627,0.000979707
1772084422998353627,0.00158544
1772084423031724627,0.0015812
1772084423098481627,0.00104098
1772084423365610627,0.00147999
1772084423632746627,0.0015888
1772084423666108627,0.00112537
1772084423933226627,0.00170281
1772084423999989627,0.000957352
1772084424200353627,0.00134908
1772084424233627627,0.00111796
1772084424266994627,0.00156964
1772084424300498627,0.0015679
1772084424367230627,0.00116392
1772084424467363627,0.0011354
1772084424534243627,0.00185951
1772084424567487627,0.00116886
1772084424634377627,0.00181945
1772084424667744627,0.00161631
1772084424968255627,0.000993665
1772084425335504627,0.000979311
1772084425635883627,0.00150919
1772084425736136627,0.00107675
1772084425769502627,0.000998062
1772084425838708627,0.000968264
1772084426170179627,0.0014181
1772084426270262627,0.00139975
1772084426504010627,0.00112262
1772084426704392627,0.00165906
1772084426837895627,0.00150012
1772084426904732627,0.00108556
1772084427071637627,0.00162579
1772084427171758627,0.00106808
1772084427305259627,0.00189109
1772084427372133627,0.00100828
1772084427539033627,0.00158571
1772084427806143627,0.00116103
1772084427939651627,0.000965519
1772084427973153627,0.00119461
1772084428173419627,0.00109754
1772084428340268627,0.00151228
1772084428407153627,0.00159997
1772084428574036627,0.00155965
1772084428640915627,0.00119653
1772084428741023627,0.0015247
1772084428841150627,0.00163534
1772084428911888627,0.00161815
1772084428974653627,0.00129117
1772084429208403627,0.0012893
1772084429275154627,0.0010502
1772084429809410627,0.00151438
1772084429843461627,0.00105653
1772084429978442627,0.0010302
1772084430043038627,0.00149148
1772084430210038627,0.00121
1772084430377040627,0.00159594
1772084430477154627,0.000964845
1772084430544141627,0.00100099
1772084430811090627,0.00125998
1772084430911168627,0.00261896
1772084430977934627,0.000949927
1772084431311813627,0.0015885
1772084431412048627,0.00179004
1772084431478689627,0.00160065
1772084432148170627,0.00166164
1772084432246686627,0.00164099
1772084432280067627,0.00109206
1772084432714072627,0.00142198
1772084432881166627,0.00150523
1772084432981202627,0.00230306
1772084433081300627,0.00109731
1772084433214948627,0.00133095
1772084433248322627,0.00094784
1772084433348456627,0.000945974
1772084433481934627,0.00123446
1772084433515362627,0.000982384
1772084433648946627,0.000936233
1772084433715705627,0.00107457
1772084433782578627,0.000929223
1772084433884587627,0.00261213
1772084433982829627,0.00165756
1772084434082948627,0.0014968
1772084434249968627,0.00148377
1772084434450210627,0.00160831
1772084434516965627,0.00103347
1772084434584662627,0.00148995
1772084434717326627,0.000938788
1772084434884209627,0.00151432
1772084434917718627,0.00096937
1772084435051210627,0.00114438
1772084435952718627,0.00155857
1772084436052848627,0.00151739
1772084436353363627,0.00121143
1772084436386725627,0.000942206
1772084436420095627,0.00106083
1772084436520224627,0.000952056
1772084436687225627,0.00119478
1772084436720593627,0.00156139
1772084436787330627,0.000960475
1772084436887605627,0.00164193
1772084437054523627,0.00148425
1772084437421732627,0.00162023
1772084437455359627,0.00171507
1772084437488568627,0.00151925
1772084437655345627,0.00117199
1772084437688872627,0.00166145
1772084437722218627,0.00109792
1772084437855729627,0.00104435
1772084437923630627,0.00155071
1772084438323116627,0.00155472
1772084438490112627,0.00154851
1772084438556871627,0.00152988
1772084438757240627,0.00125616
1772084438857328627,0.00173699
1772084438924119627,0.00103247
1772084438957605627,0.00114444
1772084439124488627,0.00153945
1772084439157875627,0.00116995
1772084439191241627,0.0009609
1772084439258048627,0.00152199
1772084439324776627,0.0010225
1772084439358116627,0.00119255
1772084439391628627,0.00119611
1772084439491739627,0.0017863
1772084439591897627,0.00101404
1772084439692007627,0.000992133
1772084439758869627,0.00181964
1772084439825624627,0.00102228
1772084439859014627,0.00105029
1772084439925761627,0.0010306
1772084439994714627,0.00126678
1772084440760508627,0.001058
1772084440827265627,0.00123945
1772084440894024627,0.00106719
1772084441161125627,0.00152657
1772084441227901627,0.00112652
1772084441261260627,0.0010003
1772084441361468627,0.00151498
1772084441394757627,0.0010097
1772084441561761627,0.00122809
1772084441661887627,0.00093765
1772084441728656627,0.00306519
1772084441828901627,0.00169967
1772084441864404627,0.000969823
1772084441962373627,0.00163113
1772084441995773627,0.00159195
1772084442095904627,0.00115689
1772084442196147627,0.00154696
1772084442229523627,0.00113171
1772084442262893627,0.00147459
1772084442329648627,0.0011718
1772084442429783627,0.00116338
1772084442463257627,0.00118489
1772084442496653627,0.00176443
1772084442696900627,0.000898198
1772084442830520627,0.0016264
1772084442930657627,0.00158935
1772084443531653627,0.00164361
1772084443598393627,0.00170461
1772084443631779627,0.001008
1772084443798661627,0.00105224
1772084445334667627,0.00112223
1772084445601676627,0.00153472
1772084445768573627,0.00151955
1772084445802082627,0.000946041
1772084445868805627,0.00161184
1772084445935570627,0.00167934
1772084445968933627,0.00157518
1772084446102758627,0.00153039
1772084446235944627,0.00104665
1772084446269419627,0.00132092
1772084446336182627,0.00141713
1772084446369566627,0.000991718
1772084446402935627,0.00109996
1772084446469686627,0.00162472
1772084446638751627,0.000996239
1772084446670062627,0.00109407
1772084446736807627,0.000967571
1772084446837066627,0.00157327
1772084446970557627,0.00134781
1772084447003943627,0.000955464
1772084447104075627,0.0010242
1772084447170943627,0.00158227
1772084447538189627,0.00099331
1772084447571435627,0.00193599
1772084447604834627,0.00184544
1772084447771835627,0.00167188
1772084447805183627,0.00202854
1772084447838570627,0.00164117
1772084447938699627,0.00103288
1772084448072324627,0.0015546
1772084448205934627,0.00165058
1772084448272580627,0.00152588
1772084448306072627,0.00104014
1772084448372903627,0.00109712
1772084448408560627,0.001217
1772084448573077627,0.0011893
1772084448840251627,0.00211607
1772084448940345627,0.00112374
1772084449073961627,0.00122713
1772084449174079627,0.00120002
1772084449374458627,0.00187254
1772084449608087627,0.00204327
1772084449674960627,0.00124315
1772084449708350627,0.00143739
1772084449775088627,0.00110381
1772084449841852627,0.00114211
1772084449875206627,0.0011774
1772084449908588627,0.0011351
1772084449942100627,0.00191789
1772084450008721627,0.00137906
1772084450075588627,0.00115503
1772084450108966627,0.00140472
1772084450175713627,0.0017722
1772084450209104627,0.00200847
1772084450476215627,0.00176095
1772084450676515627,0.00185393
1772084450910226627,0.00117338
1772084451244738627,0.0015109
1772084451411082627,0.00135352
1772084451477855627,0.00263586
1772084451577977627,0.00275797
1772084451644866627,0.00184525
1772084451711363627,0.00190612
1772084451811738627,0.00159286
1772084451845110627,0.00148985
1772084451978738627,0.00123266
1772084452011989627,0.00153995
1772084452078856627,0.00190875
1772084452214840627,0.003208
1772084452345990627,0.0012617
1772084452379259627,0.00115528
1772084452513017627,0.00183304
1772084452579608627,0.00115148
1772084452646311627,0.00111253
1772084452714668627,0.00180707
1772084453113859627,0.00149868
1772084453147232627,0.00135515
1772084453180624627,0.00137495
1772084453347610627,0.00169427
1772084453380852627,0.00117025
1772084453547895627,0.0011354
1772084453581239627,0.00126458
1772084453748119627,0.0010936
1772084453948499627,0.00109737
1772084453981875627,0.00108436
1772084454148873627,0.00116675
1772084454215624627,0.00171443
1772084454249005627,0.00187222
1772084454382638627,0.00111963
1772084454483693627,0.00232991
1772084454616255627,0.00146712
1772084454850013627,0.00187579
1772084454916760627,0.00110251
1772084454983530627,0.00161708
1772084455016880627,0.00396156
1772084455083762627,0.00129336
1772084455183880627,0.00179194
1772084455217251627,0.00248742
1772084455250639627,0.00151406
1772084455818135627,0.00188501
1772084455918393627,0.00114552
1772084456118765627,0.0021471
1772084456218886627,0.00187202
1772084456619563627,0.00199123
1772084456652954627,0.00114609
1772084456719645627,0.00278666
1772084456986747627,0.00176922
1772084457020147627,0.00128692
1772084457086920627,0.0012254
1772084457220632627,0.00144432
1772084457320653627,0.00143437
1772084457420796627,0.00123472
1772084457587780627,0.00129565
1772084457687917627,0.0011382
1772084457721276627,0.00116528
1772084457821499627,0.00117445
1772084457921656627,0.00127988
1772084458055175627,0.00183764
1772084458088528627,0.00112428
1772084458121916627,0.00251741
1772084458188663627,0.0015526
1772084458322657627,0.00170091
1772084458355663627,0.00110428
1772084458489164627,0.00174051
1772084458589293627,0.00134793
1772084458656170627,0.00160983
1772084458689543627,0.00234472
1772084458756536627,0.001276
1772084459090179627,0.00119211
1772084459123547627,0.00108678
1772084459156925627,0.00131225
1772084459290552627,0.00120238
1772084459323919627,0.0010952
1772084459357303627,0.00113199
1772084459490794627,0.00115681
1772084459524315627,0.00121708
1772084459991673627,0.00108773
1772084460091805627,0.00126937
1772084460158542627,0.00102656
1772084460358928627,0.00173871
1772084460394529627,0.00111549
1772084460492516627,0.00108797
1772084460692824627,0.00366629
1772084460859691627,0.00199603
1772084460893717627,0.00168154
1772084461027831627,0.0011211
1772084461060049627,0.00104945
1772084461160182627,0.00176502
1772084461327071627,0.00132426
1772084461794563627,0.0018235
1772084461928872627,0.00155153
1772084462061689627,0.00143952
1772084462095077627,0.00112249
1772084462295430627,0.00112558
1772084462428949627,0.00181031
1772084462495693627,0.00114414
1772084462796319627,0.00206354
1772084462963201627,0.00119728
1772084462996450627,0.00119213
1772084463230210627,0.00126597
1772084463430584627,0.00160791
1772084463463968627,0.001209
1772084463497322627,0.00128641
1772084463664328627,0.00203986
1772084463797831627,0.00213722
1772084463831202627,0.0014533
1772084463864587627,0.0017764
1772084464031456627,0.00192105
1772084464131732627,0.00225558
1772084464265211627,0.00205246
1772084464365344627,0.0014414
1772084464532335627,0.00127924
1772084464565739627,0.00191548
1772084464632427627,0.00208095
1772084464799462627,0.00120872
1772084464935007627,0.00146751
1772084464999698627,0.00192301
1772084465033258627,0.00126268
1772084465333602627,0.00155071
1772084465600666627,0.00153039
1772084465734233627,0.00131537
1772084465867859627,0.00150928
1772084465934600627,0.0012692
1772084465967970627,0.00217513
1772084466001360627,0.00196372
1772084466168351627,0.00168521
1772084466268486627,0.00201805
1772084466335233627,0.00147186
1772084466402102627,0.00131236
1772084466568976627,0.00154865
1772084466602544627,0.00194704
1772084466736019627,0.00150829
1772084467103242627,0.00198586
1772084467236745627,0.00346591
1772084467303479627,0.00132863
1772084467404888627,0.00118531
1772084468204988627,0.00123817
1772084468338492627,0.00148522
1772084468405255627,0.00127524
1772084468538809627,0.00156145
1772084468739106627,0.00144084
1772084468772504627,0.00146771
1772084469240002627,0.00134837
1772084469273379627,0.00120693
1772084469440262627,0.00154153
1772084469473774627,0.00140664
1772084469507009627,0.00141492
1772084469674004627,0.00130684
1772084469740796627,0.001243
1772084469808450627,0.00159254
1772084469840999627,0.00211454
1772084469907637627,0.00195707
1772084470074665627,0.00130274
1772084470408550627,0.00152394
1772084470542012627,0.00227399
1772084471944278627,0.00128271
1772084472077889627,0.00126742
1772084472378400627,0.00209425
1772084472445149627,0.0017427
1772084472478533627,0.0015017
1772084472511912627,0.00131878
1772084472578814627,0.00140289
1772084472645442627,0.00186328
1772084472812449627,0.00150274
1772084472979358627,0.0019994
1772084473046159627,0.00147896
1772084473114467627,0.00165411
1772084473148175627,0.00202246
1772084473348085627,0.0025567
1772084473380045627,0.00129939
1772084473514596627,0.00193871
1772084473546920627,0.00154323
1772084473613795627,0.00145811
1772084473647043627,0.00142178
1772084473780664627,0.00145261
1772084473948151627,0.00213365
1772084474148046627,0.00135124
1772084474248049627,0.00220571
1772084474415048627,0.00143974
1772084474481799627,0.00121647
1772084474548543627,0.00209809
1772084474615282627,0.00204264
1772084474715423627,0.00154705
1772084474782300627,0.00195315
1772084474849052627,0.00147619
1772084474882441627,0.00125048
1772084475049308627,0.0013542
1772084475082806627,0.00152578
1772084475183492627,0.00137524
1772084475249684627,0.00128825
1772084475349809627,0.00136333
1772084475450052627,0.00132335
1772084475516808627,0.00175483
1772084475616941627,0.00183554
1772084475650429627,0.00129719
1772084475717067627,0.00127861
1772084475783937627,0.00175637
1772084475850676627,0.0013117
1772084475917955627,0.00138489
1772084476050936627,0.00134652
1772084476184753627,0.00207193
1772084476551835627,0.00145873
1772084476585191627,0.00133632
1772084476818947627,0.00209905
1772084476952471627,0.00140892
1772084477419899627,0.00153549
1772084477520078627,0.00152196
1772084477653629627,0.00150527
1772084477686958627,0.00145184
1772084477720429627,0.0014584
1772084478020827627,0.00148321
1772084478187864627,0.00224311
1772084478221175627,0.00149417
1772084478354710627,0.00180438
1772084478388075627,0.00149606
1772084478421646627,0.00173849
1772084478588527627,0.00167689
1772084478688594627,0.00168217
1772084478788705627,0.00151428
1772084478888964627,0.00244766
1772084478989085627,0.00214548
1772084479089333627,0.00241311
1772084479256210627,0.00178727
1772084479389730627,0.00184106
1772084479723609627,0.00156957
1772084479823517627,0.00170147
1772084479890731627,0.00214792
1772084480625102627,0.00167516
1772084480791981627,0.00158154
1772084480892096627,0.00200391
1772084481159350627,0.00155017
1772084481225959627,0.00154279
1772084481359616627,0.00167132
1772084481392983627,0.00160679
1772084481493232627,0.0022046
1772084481526478627,0.00143696
1772084481559883627,0.00176227
1772084481726860627,0.00165662
1772084481860489627,0.0022596
1772084481927114627,0.00231674
1772084482027360627,0.0015088
1772084482194373627,0.00228376
1772084482361237627,0.00166307
1772084482394615627,0.00198638
1772084482428032627,0.00253983
1772084482628590627,0.00180638
1772084482695123627,0.00154321
1772084482728499627,0.0024475
1772084482795245627,0.00172403
1772084483229385627,0.00160014
1772084483429630627,0.00151359
1772084483796904627,0.002227
1772084483897139627,0.00160425
1772084484030636627,0.00147993
1772084484064007627,0.00147089
1772084484264404627,0.00158107
1772084484431288627,0.00158733
1772084484531383627,0.00169421
1772084484564769627,0.0016504
1772084484598268627,0.00202105
1772084485065640627,0.00154591
1772084485199172627,0.00184149
1772084485266027627,0.00156924
1772084485299287627,0.00160799
1772084485399523627,0.00249443
1772084485499643627,0.00165915
1772084485599766627,0.00255011
1772084485666518627,0.00176994
1772084485800140627,0.00250441
1772084485834925627,0.00162906
1772084485934843627,0.00271653
1772084485967152627,0.0020545
1772084486034971627,0.0017507
1772084486067266627,0.00194451
1772084486100649627,0.0019164
1772084486234836627,0.00200553
1772084486336056627,0.00199033
1772084486468464627,0.00155814
1772084486501278627,0.001548
1772084486568146627,0.00158582
1772084486734907627,0.00210756
1772084486868532627,0.00171235
1772084486968660627,0.0019004
1772084487002150627,0.00218754
1772084487068721627,0.00223106
1772084487169397627,0.00199547
1772084487269163627,0.00231343
1772084487336041627,0.00175297
1772084487403927627,0.00221127
1772084487536283627,0.00148646
1772084487569658627,0.0025396
1772084487703566627,0.00153546
1772084487736541627,0.00158496
1772084487936911627,0.00210949
1772084488070417627,0.00223831
1772084488337542627,0.00166902
1772084488471163627,0.0031673
1772084488571296627,0.00258391
1772084489105411627,0.00187709
1772084489172300627,0.00138648
1772084489372555627,0.00148858
1772084489674660627,0.00171496
1772084489773171627,0.00230785
1772084489840062627,0.00200793
1772084489906811627,0.00266982
1772084489940236627,0.0014735
1772084490006931627,0.00154016
1772084490274060627,0.00147612
1772084490340752627,0.00148257
1772084490374136627,0.0014609
1772084490441039627,0.00159895
1772084490474311627,0.00152335
1772084490708057627,0.00292723
1772084490741430627,0.00236434
1772084490841563627,0.00196466
1772084490908406627,0.00236799
1772084490941816627,0.00160939
1772084491108814627,0.00349122
1772084491142057627,0.00138139
1772084491175438627,0.00149554
1772084491409160627,0.0024727
1772084491475962627,0.00205847
1772084491676321627,0.0014901
1772084491876573627,0.00166339
1772084492010205627,0.00245043
1772084492076948627,0.00151579
1772084492177076627,0.00207336
1772084492510950627,0.00155206
1772084492878212627,0.001488
1772084492945078627,0.00210355
1772084492978453627,0.00164642
1772084493145326627,0.00136315
1772084493278955627,0.00164058
1772084493312906627,0.00151973
1772084493545971627,0.00258976
1772084493712972627,0.00150353
1772084493879843627,0.00251572
1772084493946714627,0.00140191
1772084493980089627,0.00153976
1772084494280461627,0.00176629
1772084494313974627,0.00154445
1772084494447470627,0.00144917
1772084494881585627,0.00160982
1772084495148606627,0.00172378
1772084495181977627,0.00163747
1772084495883113627,0.00246568
1772084496050107627,0.0016706
1772084496116862627,0.00151573
1772084496150244627,0.00232346
1772084496183615627,0.00176244
1772084496216989627,0.00161908
1772084496283732627,0.00195912
1772084496317111627,0.00155198
1772084496417373627,0.00142811
1772084496484309627,0.00153017
1772084496617738627,0.00193911
1772084496717860627,0.00207799
1772084496784619627,0.00157617
1772084496884750627,0.00298054
1772084497018253627,0.00170821
1772084497218624627,0.00162142
1772084497252000627,0.00209361
1772084497886372627,0.00224074
1772084497919749627,0.00150124
1772084498086753627,0.00194962
1772084498186869627,0.0017357
1772084498253618627,0.002511
1772084498320512627,0.00173922
1772084498520765627,0.00177087
1772084498554124627,0.00199414
1772084499054852627,0.0016335
1772084499288638627,0.00168974
1772084499355508627,0.00161553
1772084499455642627,0.00154069
1772084499524382627,0.00140221
1772084499555764627,0.00134107
1772084499889662627,0.00211202
1772084500056513627,0.00165113
1772084500089901627,0.00244585
1772084500156773627,0.00241455
1772084500357020627,0.00193045
1772084500924654627,0.00223872
1772084501024773627,0.00149985
1772084501124898627,0.00186209
1772084501225159627,0.00163544
1772084501358648627,0.00196036
1772084501559030627,0.00160679
1772084501694191627,0.0019963
1772084501725898627,0.00169721
1772084501859538627,0.00272808
1772084501993036627,0.00177005
1772084502159913627,0.0014435
1772084502193403627,0.00147535
1772084502293539627,0.00196153
1772084502360300627,0.00148561
1772084502427167627,0.00152021
1772084502527301627,0.00232666
1772084502560660627,0.00144145
1772084502727545627,0.00157515
1772084502760912627,0.00147609
1772084502927919627,0.00149963
1772084503028053627,0.00150609
1772084503061421627,0.00180073
1772084503128301627,0.00151659
1772084503261774627,0.00165097
1772084503328550627,0.00192112
1772084503361919627,0.00185306
1772084503428678627,0.00168286
1772084503462167627,0.0015247
1772084503495428627,0.0018731
1772084503564911627,0.00150755
1772084503629065627,0.00164772
1772084503662450627,0.00138617
1772084503795921627,0.00185739
1772084503996319627,0.00192075
1772084504063058627,0.00146846
1772084504229994627,0.00156642
1772084504363556627,0.0014906
1772084504396926627,0.00246157
1772084504630683627,0.00156581
1772084504831053627,0.00146967
1772084504864313627,0.00246403
1772084504931188627,0.00158087
1772084505031314627,0.00205094
1772084505064684627,0.00146275
1772084505231563627,0.00167369
1772084505365190627,0.00220313
1772084505398572627,0.00238962
1772084505598817627,0.00144692
1772084505632326627,0.00157161
1772084505799194627,0.00249497
1772084505966256627,0.00153234
1772084506166447627,0.00194302
1772084506366826627,0.00194298
1772084506400206627,0.00181079
1772084506633831627,0.00151006
1772084506867579627,0.00154231
1772084506901078627,0.00140819
1772084507101326627,0.00204004
1772084507268207627,0.00242587
1772084507401824627,0.00209207
1772084507969338627,0.00161755
1772084508002719627,0.00160349
1772084508169716627,0.00274123
1772084508236464627,0.00151132
1772084508336590627,0.00176781
1772084508770769627,0.00248312
1772084508804629627,0.00161565
1772084508870849627,0.00181468
1772084509037728627,0.00195906
1772084509137987627,0.00206889
1772084509405099627,0.00155133
1772084509638850627,0.00542805
1772084509705682627,0.00134914
1772084509939232627,0.00240883
1772084510039360627,0.0015181
1772084510274533627,0.0017421
1772084510406608627,0.00158327
1772084510606999627,0.00181143
1772084510640381627,0.00165791
1772084510673880627,0.00159338
1772084510740587627,0.0015349
1772084510941059627,0.0015844
1772084511007731627,0.00159304
1772084511174673627,0.00166991
1772084511241346627,0.0031211
1772084511308116627,0.00150795
1772084511508559627,0.00156976
1772084511775495627,0.00180805
1772084511809005627,0.00264643
1772084511975875627,0.00308925
1772084512075996627,0.00163527
1772084512109382627,0.00213162
1772084512144693627,0.00167162
1772084512209627627,0.00146731
1772084512910752627,0.00190363
1772084513111008627,0.00163154
1772084513144378627,0.0015507
1772084513177894627,0.00167753
1772084513244635627,0.00227214
1772084513311366627,0.00265061
1772084513444885627,0.00217291
1772084513478250627,0.00262279
1772084513645263627,0.00223801
1772084513678630627,0.00186261
1772084513845503627,0.0016615
1772084513879006627,0.0019978
1772084514045884627,0.00218592
1772084514079255627,0.00160226
1772084514279635627,0.00161402
1772084514314456627,0.00255971
1772084514379761627,0.00164951
1772084514580140627,0.00224304
1772084514747017627,0.00326976
1772084514780522627,0.00160733
1772084515247898627,0.00206128
1772084515348040627,0.0017429
1772084515481644627,0.00212301
1772084515581786627,0.00283546
1772084515615175627,0.00275102
1772084515715239627,0.0022121
1772084515815538627,0.00163701
1772084515848777627,0.00201349
1772084515949032627,0.00255117
1772084516383036627,0.00187686
1772084516449778627,0.00205481
1772084516516659627,0.00164077
1772084516750288627,0.00234579
1772084516917168627,0.00160085
1772084517084161627,0.00262302
1772084517151006627,0.00155604
1772084517184318627,0.00165828
1772084517284428627,0.00268787
1772084517418066627,0.00189175
1772084517484792627,0.00156765
1772084517685173627,0.00199687
1772084517718549627,0.00179459
1772084517818669627,0.00192867
1772084517885548627,0.00199219
1772084518119176627,0.00270117
1772084518319555627,0.00171162
1772084518386306627,0.00170429
1772084518419678627,0.00179425
1772084518486426627,0.00271672
1772084518586677627,0.00260877
1772084519054055627,0.00397647
1772084519154190627,0.00268834
1772084519187568627,0.00154628
1772084519821932627,0.00253971
1772084519988815627,0.00199246
1772084520189193627,0.00163601
1772084520289438627,0.00163147
1772084520356071627,0.00200552
1772084520456321627,0.00213228
1772084520556438627,0.00163424
1772084520723439627,0.00222231
1772084520790197627,0.00145558
1772084520856943627,0.00188023
1772084520923699627,0.00185253
1772084521057199627,0.00235182
1772084521257618627,0.00160339
1772084521624815627,0.00173131
1772084521758459627,0.00148748
1772084521825237627,0.00216387
1772084521958730627,0.00160179
1772084522193341627,0.00239558
1772084522559737627,0.00175096
1772084522726681627,0.00358593
1772084522759981627,0.00149006
1772084522960350627,0.00157421
1772084523027221627,0.00168578
1772084523093844627,0.00233538
1772084523127350627,0.00175761
1772084523294881627,0.00179727
1772084523395035627,0.00254126
1772084523427738627,0.00241317
1772084523494844627,0.00173396
1772084523628359627,0.00235006
1772084523661475627,0.00218411
1772084523728360627,0.00155315
1772084523861849627,0.00199193
1772084523995360627,0.00218436
1772084524028717627,0.00197674
1772084524095487627,0.0015459
1772084524162389627,0.00145007
1772084524195713627,0.0031658
1772084524396102627,0.00238827
1772084524429366627,0.001595
1772084524963601627,0.00184727
1772084525063729627,0.0020919
1772084525097233627,0.00248288
1772084525297490627,0.00256971
1772084525431111627,0.00168699
1772084525598004627,0.00195311
1772084525965237627,0.00174149
1772084526031987627,0.00148468
1772084526098735627,0.00256162
1772084526299111627,0.00236701
1772084526399263627,0.00146939
1772084526532746627,0.00165057
1772084526599620627,0.0017897
1772084526733163627,0.00204115
1772084526800007627,0.00145027
1772084526966875627,0.00162822
1772084527233877627,0.00158299
1772084527434273627,0.00181945
1772084527467630627,0.00152617
1772084527567748627,0.00139342
1772084527834992627,0.00166636
1772084527968503627,0.00150884
1772084528235517627,0.00151329
1772084528268887627,0.00237692
1772084528303327627,0.00136514
1772084528502642627,0.001748
1772084528536161627,0.00250092
1772084528602760627,0.00222678
1772084528669635627,0.00181478
1772084528837299627,0.00155902
1772084528870006627,0.00167114
1772084529003532627,0.00208905
1772084529036873627,0.00168599
1772084529170406627,0.0021261
1772084529337416627,0.00157006
1772084529370764627,0.00162954
1772084529470885627,0.00247139
1772084529504294627,0.00155876
1772084529604399627,0.00154939
1772084529637769627,0.00174278
1772084529871521627,0.00239182
1772084530038494627,0.00147035
1772084530238897627,0.00269506
1772084530305498627,0.00151662
1772084530374535627,0.00166341
1772084530439150627,0.00152397
1772084530539278627,0.00186949
1772084530607344627,0.00161569
1772084530806411627,0.00141467
1772084530839784627,0.00205986
1772084530906532627,0.00160988
1772084530940036627,0.00160795
1772084531140272627,0.00208372
1772084531307157627,0.00162579
1772084531340537627,0.00157472
1772084531440788627,0.00161845
1772084531607788627,0.00270562
1772084531707912627,0.00175723
1772084531741290627,0.00183602
1772084531941538627,0.00233345
1772084532008298627,0.0018333
1772084532108544627,0.00161506
1772084532208672627,0.00157339
1772084532308920627,0.00176175
1772084532375542627,0.00156949
1772084532442457627,0.00167173
1772084532509178627,0.00154892
1772084532609295627,0.00165618
1772084532676054627,0.00159855
1772084532776305627,0.00158004
1772084532944566627,0.00162757
1772084533176928627,0.00229591
1772084533410550627,0.00161319
1772084533644311627,0.00401379
1772084533677824627,0.00166074
1772084533945011627,0.00376047
1772084533978184627,0.00264713
1772084534044935627,0.00165691
1772084534178564627,0.0025564
1772084534211947627,0.00182617
1772084534345447627,0.00207725
1772084534546047627,0.0023686
1772084534614298627,0.0026717
1772084534679326627,0.00271587
1772084534714444627,0.00234728
1772084534779452627,0.00157778
1772084535013490627,0.00175714
1772084535046702627,0.00252753
1772084535313705627,0.00276935
1772084535380601627,0.00167591
1772084535447204627,0.00170488
1772084535614275627,0.00245997
1772084535781082627,0.00166074
1772084535881333627,0.00160751
1772084536014835627,0.00234222
1772084536048217627,0.00201995
1772084536649213627,0.00164463
1772084536749361627,0.00409226
1772084537216829627,0.00179197
1772084537250208627,0.0016837
1772084537517210627,0.00242219
1772084537817719627,0.00269399
1772084538051475627,0.00209612
1772084538151715627,0.00200509
1772084538184973627,0.00163444
1772084538418727627,0.00273171
1772084538619093627,0.0016945
1772084538819477627,0.00212236
1772084538886260627,0.00165315
1772084539086484627,0.0020304
1772084539119859627,0.00232616
1772084539787613627,0.00171053
1772084539988016627,0.00289108
1772084540021319627,0.00211792
1772084540054737627,0.00226288
1772084540188393627,0.0027585
1772084540321867627,0.00290184
1772084540388609627,0.00166697
1772084540455381627,0.00282836
1772084540726394627,0.00177748
1772084540789282627,0.00188378
1772084540855996627,0.00175675
1772084540989629627,0.00232672
1772084541156493627,0.00246807
1772084541189865627,0.00188985
1772084541390247627,0.0020696
1772084541456997627,0.00190525
1772084541590497627,0.00283745
1772084541757506627,0.00264702
1772084541826029627,0.00260432
1772084541891002627,0.00273197
1772084541991624627,0.00164469
1772084542291630627,0.00432897
1772084542692368627,0.00227764
1772084542759136627,0.00169333
1772084543760770627,0.00162962
1772084543827512627,0.00166386
1772084543860894627,0.00233625
1772084543927652627,0.00270442
1772084543994416627,0.00164586
1772084544161381627,0.00170733
1772084544361643627,0.00275399
1772084544428524627,0.00268044
1772084544461895627,0.00164547
1772084544728904627,0.00173119
1772084544795784627,0.00183057
1772084545062750627,0.00172926
1772084545129651627,0.00180398
1772084545229781627,0.00229721
1772084545263167627,0.00249472
1772084545964288627,0.00276345
1772084546031153627,0.00177365
1772084546064422627,0.00177968
1772084546198055627,0.00221055
1772084546298208627,0.00222527
1772084546365032627,0.00175523
1772084546398298627,0.00177844
1772084546698803627,0.00257148
1772084546798924627,0.00316526
1772084546999303627,0.00238861
1772084547066176627,0.00295268
1772084547166303627,0.00172384
1772084547433299627,0.00228673
1772084547533560627,0.0017401
1772084547566942627,0.00212899
1772084547767309627,0.00177535
1772084547800562627,0.00181234
1772084548000929627,0.0023623
1772084548201303627,0.00173033
1772084548268070627,0.00173332
1772084548435066627,0.00270222
1772084548501692627,0.00199845
1772084548702078627,0.00171048
1772084548802210627,0.00156706
1772084548835559627,0.00291635
1772084548904700627,0.00190919
1772084549136205627,0.00260626
1772084549169450627,0.00215349
1772084549236315627,0.00269166
1772084549770446627,0.00280756
1772084549803962627,0.00205934
1772084549937459627,0.00172389
1772084550070949627,0.00267149
1772084550237828627,0.00172552
1772084550404827627,0.00179241
1772084550471586627,0.00209879
1772084550538336627,0.00223818
1772084550671950627,0.00165906
1772084550705364627,0.00241476
1772084550872231627,0.00273103
1772084551439851627,0.00200032
1772084551540092627,0.00173653
1772084551573375627,0.00156255
1772084551706967627,0.00267069
1772084551840464627,0.00278706
1772084551974091627,0.00190574
1772084552174344627,0.00188531
1772084552241093627,0.0017208
1772084552408088627,0.0017235
1772084552741971627,0.00183231
1772084552842088627,0.00259544
1772084552908977627,0.00194998
1772084553109227627,0.00208602
1772084553143660627,0.00158825
1772084553276172627,0.00182132
1772084553409742627,0.00177013
1772084553509851627,0.00205499
1772084553676856627,0.00232297
1772084553877120627,0.00307241
1772084553910485627,0.00201405
1772084553977232627,0.00181303
1772084554978868627,0.00171145
1772084555145875627,0.0018557
1772084555479742627,0.00220388
1772084555579880627,0.00279174
1772084555646745627,0.00219873
1772084555746866627,0.00182704
1772084555813717627,0.00168708
1772084555846965627,0.00244048
1772084555880332627,0.00183275
1772084555947120627,0.00260323
1772084556047255627,0.00191329
1772084556180879627,0.00177543
1772084556214252627,0.0027962
1772084556314388627,0.00288224
1772084556381128627,0.00239948
1772084556481370627,0.00169839
1772084556514761627,0.00178725
1772084556581516627,0.00210235
1772084556681745627,0.00193952
1772084556715010627,0.00192955
1772084557349532627,0.00283053
1772084557516391627,0.00169878
1772084557583141627,0.00240607
1772084557649896627,0.00192649
1772084557850270627,0.00285875
1772084557883700627,0.00148971
1772084557950421627,0.00187963
1772084558050641627,0.00196864
1772084558083906627,0.00236603
1772084558184141627,0.00178155
1772084558284272627,0.0026686
1772084558384546627,0.00189197
1772084558484642627,0.002021
1772084558518041627,0.00175958
1772084558618150627,0.00200531
1772084558952017627,0.0022473
1772084558985398627,0.00290796
1772084559118905627,0.00281886
1772084559219150627,0.00283043
1772084559386022627,0.00280494
1772084559452789627,0.00172926
1772084559519655627,0.002669
1772084559686488627,0.00223878
1772084559753412627,0.00211775
1772084559886916627,0.00207576
1772084559920326627,0.00208189
1772084559987034627,0.0019198
1772084560254165627,0.00200392
1772084560287538627,0.00234324
1772084560387671627,0.0018766
1772084560421048627,0.00175231
1772084560721579627,0.00272967
1772084560788435627,0.0028922
1772084560888556627,0.00176796
1772084560921923627,0.00180092
1772084561222298627,0.00205933
1772084561326549627,0.00276293
1772084561623051627,0.00238189
1772084561656471627,0.00286125
1772084561789940627,0.00202916
1772084561823432627,0.00249468
1772084561923562627,0.00182576
1772084562057061627,0.00292904
1772084562190557627,0.00220794
1772084562424304627,0.0022304
1772084562491052627,0.00246388
1772084562658054627,0.00186732
1772084562691433627,0.00185743
1772084562791556627,0.00184922
1772084562891685627,0.00191643
1772084562958557627,0.00274154
1772084563025299627,0.00210395
1772084563058688627,0.00173368
1772084563359202627,0.00197234
1772084563694694627,0.00189037
1772084563759825627,0.00251371
1772084563960086627,0.00212303
1772084564127074627,0.00235105
1772084564260606627,0.00219226
1772084564293933627,0.00194634
1772084564427592627,0.00333163
1772084564494692627,0.00186154
1772084564594447627,0.00175909
1772084564728073627,0.00192128
1772084564894933627,0.00201592
1772084565195501627,0.00198024
1772084565228827627,0.00165588
1772084565463655627,0.00274828
1772084565529322627,0.00176144
1772084565696330627,0.00205504
1772084565929963627,0.00288872
1772084566096962627,0.00182068
1772084566130336627,0.00185094
1772084566230467627,0.00190362
1772084566297346627,0.00292775
1772084566330588627,0.00216896
1772084566397462627,0.00186994
1772084566464216627,0.00250754
1772084566798095627,0.00183838
1772084566831464627,0.00180216
1772084567031721627,0.00170444
1772084567165341627,0.00246933
1772084567198723627,0.00284212
1772084567298866627,0.00233812
1772084567332312627,0.00233798
1772084567565972627,0.00185264
1772084567599354627,0.00265467
1772084567699471627,0.00291251
1772084567799723627,0.00174355
1772084567899845627,0.00193679
1772084567933227627,0.00177077
1772084568166989627,0.00182605
1772084568200358627,0.00284631
1772084568433982627,0.00231824
1772084568467488627,0.00190669
1772084568534562627,0.00234
1772084568601046627,0.00320412
1772084568634299627,0.00275268
1772084568767882627,0.00196995
1772084568801365627,0.00181344
1772084568901482627,0.0018299
1772084569068355627,0.00189864
1772084569168613627,0.00185075
1772084569268683627,0.00176413
1772084569402234627,0.00279163
1772084569469117627,0.00187075
1772084569503706627,0.00207331
1772084569803584627,0.00184589
1772084569836373627,0.00210397
1772084569936490627,0.00260597
1772084569969864627,0.00188159
1772084570337122627,0.00250452
1772084570637631627,0.00186602
1772084571806148627,0.00216847
1772084572540643627,0.00210357
1772084572707649627,0.00287426
1772084572874523627,0.00183141
1772084572941393627,0.0025519
1772084573008258627,0.00215004
1772084573108281627,0.00240759
1772084573208381627,0.0019629
1772084573241919627,0.00209007
1772084573442145627,0.00318651
1772084573576744627,0.00194364
1772084573744424627,0.00238793
1772084573809404627,0.00184185
1772084574310292627,0.00228561
1772084574377051627,0.00199394
1772084574577300627,0.00176394
1772084574610666627,0.00177777
1772084574745222627,0.00194087
1772084574777669627,0.00314833
1772084574844420627,0.00285324
1772084574944549627,0.00203535
1772084575111539627,0.00183949
1772084575144925627,0.00171955
1772084575378674627,0.00238692
1772084575445424627,0.00204884
1772084575478801627,0.00229131
1772084575612302627,0.00268129
1772084575679181627,0.00181887
1772084575879425627,0.00293842
1772084575913124627,0.00237176
1772084576046427627,0.00206159
1772084576714183627,0.00204932
1772084576747560627,0.00179029
1772084577014554627,0.00300724
1772084577181561627,0.00254311
1772084577315110627,0.00240623
1772084577381946627,0.00179616
1772084577582286627,0.00192662
1772084577648945627,0.00250869
1772084577849320627,0.00248661
1772084577982886627,0.00427313
1772084578016262627,0.00181791
1772084578216564627,0.00208722
1772084578817575627,0.00208934
1772084578951072627,0.00228085
1772084579017829627,0.00249651
1772084579084712627,0.00211197
1772084579218209627,0.00207155
1772084579351837627,0.00265605
1772084579418461627,0.00182282
1772084579518726627,0.00302102
1772084579552083627,0.00195424
1772084579819211627,0.00196463
1772084579919340627,0.00328873
1772084579986090627,0.00310299
1772084580219821627,0.00298242
1772084580286583627,0.00190161
1772084580620458627,0.0041788
1772084580687212627,0.00268361
1772084580787331627,0.00183938
1772084580854222627,0.00329865
1772084580887595627,0.00371189
1772084580987716627,0.00191998
1772084581054585627,0.00240036
1772084581121222627,0.00248144
1772084581154718627,0.0020904
1772084581488610627,0.00181911
1772084581555344627,0.001984
1772084581655445627,0.0035907
1772084581688850627,0.00180351
1772084581788975627,0.00310649
1772084581822357627,0.0018675
1772084581989354627,0.00192733
1772084582189726627,0.00298658
1772084582223130627,0.00259835
1772084582389984627,0.00181091
1772084582456731627,0.00249732
1772084582490103627,0.00165193
1772084582556979627,0.00227973
1772084582957611627,0.00295183
1772084583191242627,0.00193621
1772084583224733627,0.00190017
1772084583291459627,0.00285074
1772084583424997627,0.00235593
1772084583792369627,0.0028084
1772084583825625627,0.00295818
1772084583859005627,0.00184813
1772084585161259627,0.00221565
1772084585227918627,0.00367586
1772084585261362627,0.00198826
1772084585328143627,0.00252135
1772084585461643627,0.00328859
1772084585528506627,0.00198878
1772084585762139627,0.00249389
1772084585995909627,0.00241325
1772084586530146627,0.00203581
1772084586663646627,0.001767
1772084586697008627,0.00205276
1772084586897400627,0.00187961
1772084587030899627,0.00251086
1772084587131032627,0.00302073
1772084587197801627,0.00204146
1772084587364776627,0.00311272
1772084587398155627,0.00181994
1772084587464919627,0.00192153
1772084587798782627,0.00197052
1772084587898912627,0.00205565
1772084587965658627,0.00313866
1772084588065907627,0.003057
1772084588166032627,0.00194895
1772084588199413627,0.00189248
1772084588233825627,0.00188679
1772084588566664627,0.00214738
1772084588967287627,0.00267015
1772084589067541627,0.00188802
1772084589100986627,0.00188423
1772084589234415627,0.00186892
1772084589301272627,0.00189324
1772084589468172627,0.00182951
1772084589501542627,0.0021427
1772084589601665627,0.00226612
1772084589635170627,0.00252332
1772084589701801627,0.00404776
1772084589735300627,0.00201912
1772084589935551627,0.00286949
1772084590004529627,0.00252363
1772084590069178627,0.00181475
1772084590204530627,0.00294497
